run_id,scenario,is_attack,window_start_ns,request_rate,put_ratio,get_ratio,delete_ratio,reject_ratio,error_ratio,latency_mean_us,latency_p95_us,input_mean_bytes,input_max_bytes,cpu_percent_mean,rss_kb_mean
bursty-00,bursty,0,1784489930000000000,2.0,1.0,0.0,0.0,0.0,0.0,294976.02,415753.10425,102.0,102.0,0.3316427796212153,1284.0
bursty-00,bursty,0,1784489935000000000,5.0,1.0,0.0,0.0,0.0,0.0,198251.72156,262812.3727999999,102.0,102.0,0.19909009138808573,1284.0
bursty-00,bursty,0,1784489940000000000,4.8,1.0,0.0,0.0,0.0,0.0,194311.02120833332,216414.2782,102.0,102.0,0.39629344284382856,1284.0
bursty-00,bursty,0,1784489945000000000,4.8,1.0,0.0,0.0,0.0,0.0,193788.44675,229565.54069999995,102.0,102.0,0.1975845656334449,1284.0
bursty-00,bursty,0,1784489950000000000,5.0,1.0,0.0,0.0,0.0,0.0,195292.11592,230123.932,102.0,102.0,0.19907298439832574,1284.0
bursty-00,bursty,0,1784489955000000000,4.8,1.0,0.0,0.0,0.0,0.0,196652.49316666668,233173.23969999995,102.0,102.0,0.19912490280277906,1284.0
bursty-00,bursty,0,1784489960000000000,4.8,1.0,0.0,0.0,0.0,0.0,194003.35216666668,230105.654,102.0,102.0,0.39693043298838177,1284.0
bursty-00,bursty,0,1784489965000000000,4.8,1.0,0.0,0.0,0.0,0.0,196568.47141666667,224078.13429999998,102.0,102.0,0.3974561360394886,1284.0
bursty-00,bursty,0,1784489970000000000,4.8,1.0,0.0,0.0,0.0,0.0,194149.31595833332,209293.86065,102.0,102.0,0.39808221354102197,1284.0
bursty-00,bursty,0,1784489975000000000,4.8,1.0,0.0,0.0,0.0,0.0,202518.24270833333,233843.22664999997,102.0,102.0,0.1990102697876553,1284.0
bursty-00,bursty,0,1784489980000000000,1.4,1.0,0.0,0.0,0.0,0.0,196479.56242857143,207332.69759999998,102.0,102.0,0.0,1284.0
bursty-01,bursty,0,1784489990000000000,1.8,1.0,0.0,0.0,0.0,0.0,180091.52377777777,205877.7404,102.0,102.0,0.0,1280.0
bursty-01,bursty,0,1784489995000000000,5.2,1.0,0.0,0.0,0.0,0.0,179047.64838461537,213174.5115,102.0,102.0,0.5911019273902948,1280.0
bursty-01,bursty,0,1784490000000000000,5.0,1.0,0.0,0.0,0.0,0.0,193326.23260000002,212770.7448,102.0,102.0,0.1990567851490572,1280.0
bursty-01,bursty,0,1784490005000000000,4.8,1.0,0.0,0.0,0.0,0.0,196642.0450416667,223976.1028,102.0,102.0,0.39840442020521144,1280.0
bursty-01,bursty,0,1784490010000000000,4.4,1.0,0.0,0.0,0.0,0.0,217422.20468181817,280449.70384999993,102.0,102.0,0.1989298637604459,1280.0
bursty-01,bursty,0,1784490015000000000,5.0,1.0,0.0,0.0,0.0,0.0,185576.75272,207696.48619999998,102.0,102.0,0.39812956151256906,1280.0
bursty-01,bursty,0,1784490020000000000,4.0,1.0,0.0,0.0,0.0,0.0,230381.4191,294586.294,102.0,102.0,0.19800001060488054,1280.0
bursty-01,bursty,0,1784490025000000000,4.4,1.0,0.0,0.0,0.0,0.0,226491.49245454546,256205.25305,102.0,102.0,0.19786091378936832,1280.0
bursty-01,bursty,0,1784490030000000000,4.4,1.0,0.0,0.0,0.0,0.0,216898.592,264304.8242,102.0,102.0,0.3978089941908002,1280.0
bursty-01,bursty,0,1784490035000000000,4.8,1.0,0.0,0.0,0.0,0.0,196867.80629166667,229222.94994999998,102.0,102.0,0.39750005695182067,1280.0
bursty-01,bursty,0,1784490040000000000,2.8,1.0,0.0,0.0,0.0,0.0,210118.7345,230419.0795,102.0,102.0,0.33156477610142204,1280.0
bursty-02,bursty,0,1784490055000000000,4.8,1.0,0.0,0.0,0.0,0.0,199057.99279166668,226775.37445,102.0,102.0,0.24833793923722536,1284.0
bursty-02,bursty,0,1784490060000000000,4.8,1.0,0.0,0.0,0.0,0.0,189585.28162499997,214115.02385,102.0,102.0,0.3976167157094671,1284.0
bursty-02,bursty,0,1784490065000000000,5.2,1.0,0.0,0.0,0.0,0.0,186401.04596153848,210377.41875,102.0,102.0,0.3967517315528137,1284.0
bursty-02,bursty,0,1784490070000000000,5.0,1.0,0.0,0.0,0.0,0.0,185392.51788,208529.56279999999,102.0,102.0,0.1984686598804053,1284.0
bursty-02,bursty,0,1784490075000000000,5.2,1.0,0.0,0.0,0.0,0.0,182289.76734615385,203465.862,102.0,102.0,0.39665146631752446,1284.0
bursty-02,bursty,0,1784490080000000000,4.4,1.0,0.0,0.0,0.0,0.0,217791.39822727273,261355.10435,102.0,102.0,0.1960474130199457,1284.0
bursty-02,bursty,0,1784490085000000000,4.8,1.0,0.0,0.0,0.0,0.0,196963.47666666668,226655.90809999997,102.0,102.0,0.39726025515988084,1284.0
bursty-02,bursty,0,1784490090000000000,4.8,1.0,0.0,0.0,0.0,0.0,197046.61537500002,225957.58909999998,102.0,102.0,0.19930497313452172,1284.0
bursty-02,bursty,0,1784490095000000000,5.0,1.0,0.0,0.0,0.0,0.0,184965.92331999997,205475.1854,102.0,102.0,0.39746413996656377,1284.0
bursty-02,bursty,0,1784490100000000000,4.8,1.0,0.0,0.0,0.0,0.0,198661.89762499998,234584.9299,102.0,102.0,0.1990011263831905,1284.0
bursty-02,bursty,0,1784490105000000000,0.2,1.0,0.0,0.0,0.0,0.0,171513.461,171513.461,102.0,102.0,0.0,0.0
bursty-03,bursty,0,1784490115000000000,3.0,1.0,0.0,0.0,0.0,0.0,195039.9454,229256.10379999998,102.0,102.0,0.32929725346879407,1280.0
bursty-03,bursty,0,1784490120000000000,5.0,1.0,0.0,0.0,0.0,0.0,190230.77448,228905.14239999998,102.0,102.0,0.3972123765531107,1280.0
bursty-03,bursty,0,1784490125000000000,4.8,1.0,0.0,0.0,0.0,0.0,196061.04279166667,222656.44269999999,102.0,102.0,0.19840225552572502,1280.0
bursty-03,bursty,0,1784490130000000000,4.2,1.0,0.0,0.0,0.0,0.0,227725.95833333334,256490.92,102.0,102.0,0.3977067657612163,1280.0
bursty-03,bursty,0,1784490135000000000,4.8,1.0,0.0,0.0,0.0,0.0,192062.34541666668,222155.0289,102.0,102.0,0.19904275878741337,1280.0
bursty-03,bursty,0,1784490140000000000,4.2,1.0,0.0,0.0,0.0,0.0,225479.8631904762,292749.062,102.0,102.0,0.24724432453521064,1280.0
bursty-03,bursty,0,1784490145000000000,4.6,1.0,0.0,0.0,0.0,0.0,210624.33069565217,255352.9464,102.0,102.0,0.19882767287169692,1280.0
bursty-03,bursty,0,1784490150000000000,4.4,1.0,0.0,0.0,0.0,0.0,213204.63118181817,242502.60015,102.0,102.0,0.39772374202834393,1280.0
bursty-03,bursty,0,1784490155000000000,4.6,1.0,0.0,0.0,0.0,0.0,206000.02334782612,236942.90379999997,102.0,102.0,0.3971880361030681,1280.0
bursty-03,bursty,0,1784490160000000000,4.4,1.0,0.0,0.0,0.0,0.0,220463.8146818182,263635.57435,102.0,102.0,0.1985767590638237,1280.0
bursty-03,bursty,0,1784490165000000000,1.8,1.0,0.0,0.0,0.0,0.0,208552.402,266124.0582,102.0,102.0,0.49662342258619685,1280.0
bursty-04,bursty,0,1784490175000000000,1.2,1.0,0.0,0.0,0.0,0.0,201223.879,209251.40525,102.0,102.0,0.0,1284.0
bursty-04,bursty,0,1784490180000000000,4.8,1.0,0.0,0.0,0.0,0.0,197927.177625,229166.26324999996,102.0,102.0,0.39727655037810095,1284.0
bursty-04,bursty,0,1784490185000000000,4.8,1.0,0.0,0.0,0.0,0.0,193505.20683333333,225081.89059999996,102.0,102.0,0.19887206941509464,1284.0
bursty-04,bursty,0,1784490190000000000,4.8,1.0,0.0,0.0,0.0,0.0,202455.88733333335,257139.94675,102.0,102.0,0.1990788791469706,1284.0
bursty-04,bursty,0,1784490195000000000,4.6,1.0,0.0,0.0,0.0,0.0,204102.27330434785,252677.6382,102.0,102.0,0.3969952623065051,1284.0
bursty-04,bursty,0,1784490200000000000,5.0,1.0,0.0,0.0,0.0,0.0,192253.19816,231065.99579999998,102.0,102.0,0.19824806381945367,1284.0
bursty-04,bursty,0,1784490205000000000,5.2,1.0,0.0,0.0,0.0,0.0,179411.21296153843,198264.0575,102.0,102.0,0.39635690002533075,1284.0
bursty-04,bursty,0,1784490210000000000,5.2,1.0,0.0,0.0,0.0,0.0,180164.42453846152,208629.7715,102.0,102.0,0.19885275877877756,1284.0
bursty-04,bursty,0,1784490215000000000,5.0,1.0,0.0,0.0,0.0,0.0,183309.56772,206215.6496,102.0,102.0,0.39789844377470873,1284.0
bursty-04,bursty,0,1784490220000000000,4.6,1.0,0.0,0.0,0.0,0.0,212339.52317391304,273323.82589999994,102.0,102.0,0.39826555866944685,1284.0
bursty-04,bursty,0,1784490225000000000,3.6,1.0,0.0,0.0,0.0,0.0,190946.6982222222,225555.81815,102.0,102.0,0.0,1284.0
bursty-05,bursty,0,1784490240000000000,4.6,1.0,0.0,0.0,0.0,0.0,191505.7692173913,217289.8653,102.0,102.0,0.0,1280.0
bursty-05,bursty,0,1784490245000000000,5.4,1.0,0.0,0.0,0.0,0.0,173144.11892592593,189081.2986,102.0,102.0,0.596580106556312,1280.0
bursty-05,bursty,0,1784490250000000000,4.8,1.0,0.0,0.0,0.0,0.0,194185.81591666667,251655.14395,102.0,102.0,0.19806649095864745,1280.0
bursty-05,bursty,0,1784490255000000000,4.6,1.0,0.0,0.0,0.0,0.0,206285.02504347826,239354.1679,102.0,102.0,0.19877915705720595,1280.0
bursty-05,bursty,0,1784490260000000000,4.8,1.0,0.0,0.0,0.0,0.0,197329.40316666666,242258.68845000002,102.0,102.0,0.19838166250691236,1280.0
bursty-05,bursty,0,1784490265000000000,4.6,1.0,0.0,0.0,0.0,0.0,205114.13217391304,246275.58589999998,102.0,102.0,0.5963637313424582,1280.0
bursty-05,bursty,0,1784490270000000000,5.4,1.0,0.0,0.0,0.0,0.0,179436.88733333332,203274.65389999998,102.0,102.0,0.1985368312028743,1280.0
bursty-05,bursty,0,1784490275000000000,4.8,1.0,0.0,0.0,0.0,0.0,194431.862,222854.72705,102.0,102.0,0.19839614099507433,1280.0
bursty-05,bursty,0,1784490280000000000,4.6,1.0,0.0,0.0,0.0,0.0,207490.69195652174,241420.2081,102.0,102.0,0.397258819147293,1280.0
bursty-05,bursty,0,1784490285000000000,4.8,1.0,0.0,0.0,0.0,0.0,198505.620875,235656.38964999997,102.0,102.0,0.3969355032988614,1280.0
bursty-05,bursty,0,1784490290000000000,0.2,1.0,0.0,0.0,0.0,0.0,178449.819,178449.819,102.0,102.0,0.0,0.0
bursty-06,bursty,0,1784490300000000000,2.8,1.0,0.0,0.0,0.0,0.0,196771.619,221348.16544999997,102.0,102.0,0.3291537105512273,1280.0
bursty-06,bursty,0,1784490305000000000,5.0,1.0,0.0,0.0,0.0,0.0,186511.50024,201592.9716,102.0,102.0,0.2483341921193254,1280.0
bursty-06,bursty,0,1784490310000000000,5.0,1.0,0.0,0.0,0.0,0.0,194247.53104000003,227440.0414,102.0,102.0,0.3979911440805871,1280.0
bursty-06,bursty,0,1784490315000000000,5.0,1.0,0.0,0.0,0.0,0.0,188682.73432,212292.3424,102.0,102.0,0.19877364176673581,1280.0
bursty-06,bursty,0,1784490320000000000,5.0,1.0,0.0,0.0,0.0,0.0,183791.75131999998,213412.4914,102.0,102.0,0.39666752678731354,1280.0
bursty-06,bursty,0,1784490325000000000,5.2,1.0,0.0,0.0,0.0,0.0,184338.9200769231,213309.64,102.0,102.0,0.39782604108926034,1280.0
bursty-06,bursty,0,1784490330000000000,4.8,1.0,0.0,0.0,0.0,0.0,190816.79754166666,220000.58365,102.0,102.0,0.19888317412120365,1280.0
bursty-06,bursty,0,1784490335000000000,5.2,1.0,0.0,0.0,0.0,0.0,185585.005,206650.18675,102.0,102.0,0.39745495412860654,1280.0
bursty-06,bursty,0,1784490340000000000,4.6,1.0,0.0,0.0,0.0,0.0,201766.33413043476,234609.628,102.0,102.0,0.1988238214979931,1280.0
bursty-06,bursty,0,1784490345000000000,5.2,1.0,0.0,0.0,0.0,0.0,183116.93838461538,204347.11375,102.0,102.0,0.39738147332083534,1280.0
bursty-06,bursty,0,1784490350000000000,2.0,1.0,0.0,0.0,0.0,0.0,191508.8685,220197.1322,102.0,102.0,0.0,1280.0
bursty-07,bursty,0,1784490360000000000,1.0,1.0,0.0,0.0,0.0,0.0,196173.2194,214752.9652,102.0,102.0,0.0,1280.0
bursty-07,bursty,0,1784490365000000000,5.2,1.0,0.0,0.0,0.0,0.0,187111.16765384615,211586.8015,102.0,102.0,0.5956955890576181,1280.0
bursty-07,bursty,0,1784490370000000000,5.0,1.0,0.0,0.0,0.0,0.0,187776.90112,210947.359,102.0,102.0,0.1982444771569198,1280.0
bursty-07,bursty,0,1784490375000000000,5.0,1.0,0.0,0.0,0.0,0.0,191443.98912,228949.7946,102.0,102.0,0.1982958156196012,1280.0
bursty-07,bursty,0,1784490380000000000,5.0,1.0,0.0,0.0,0.0,0.0,187140.07828000002,217825.78999999998,102.0,102.0,0.3969058092797026,1280.0
bursty-07,bursty,0,1784490385000000000,5.2,1.0,0.0,0.0,0.0,0.0,182543.8551923077,204343.2665,102.0,102.0,0.1975756878279475,1280.0
bursty-07,bursty,0,1784490390000000000,5.0,1.0,0.0,0.0,0.0,0.0,184394.86236000003,214390.59019999995,102.0,102.0,0.5939449248775253,1280.0
bursty-07,bursty,0,1784490395000000000,5.2,1.0,0.0,0.0,0.0,0.0,183994.68265384616,211872.97225,102.0,102.0,0.24822380798203705,1280.0
bursty-07,bursty,0,1784490400000000000,4.8,1.0,0.0,0.0,0.0,0.0,199001.90033333332,233437.68865,102.0,102.0,0.1984316947040432,1280.0
bursty-07,bursty,0,1784490405000000000,5.0,1.0,0.0,0.0,0.0,0.0,189582.70908,223538.48459999997,102.0,102.0,0.19706621359646456,1280.0
bursty-07,bursty,0,1784490410000000000,3.6,1.0,0.0,0.0,0.0,0.0,194736.73355555555,243246.89815,102.0,102.0,0.24894863142655727,1280.0
bursty-08,bursty,0,1784490425000000000,4.6,1.0,0.0,0.0,0.0,0.0,180416.72565217392,213138.5309,102.0,102.0,0.24892865314580281,1280.0
bursty-08,bursty,0,1784490430000000000,4.6,1.0,0.0,0.0,0.0,0.0,203636.92373913043,239780.3799,102.0,102.0,0.19825884581132694,1280.0
bursty-08,bursty,0,1784490435000000000,4.6,1.0,0.0,0.0,0.0,0.0,208158.81839130435,271226.0207,102.0,102.0,0.39702834722489705,1280.0
bursty-08,bursty,0,1784490440000000000,4.6,1.0,0.0,0.0,0.0,0.0,207717.57265217393,271614.2103,102.0,102.0,0.1976941519521575,1280.0
bursty-08,bursty,0,1784490445000000000,5.4,1.0,0.0,0.0,0.0,0.0,176030.13370370373,206831.0863,102.0,102.0,0.3966842291526772,1280.0
bursty-08,bursty,0,1784490450000000000,5.2,1.0,0.0,0.0,0.0,0.0,177942.00857692308,200392.3985,102.0,102.0,0.1986496213915511,1280.0
bursty-08,bursty,0,1784490455000000000,5.0,1.0,0.0,0.0,0.0,0.0,184101.45408,212682.761,102.0,102.0,0.3975843950046881,1280.0
bursty-08,bursty,0,1784490460000000000,5.0,1.0,0.0,0.0,0.0,0.0,194270.18828,234024.8702,102.0,102.0,0.1984875979440774,1280.0
bursty-08,bursty,0,1784490465000000000,5.0,1.0,0.0,0.0,0.0,0.0,188448.13572000002,211290.951,102.0,102.0,0.19862473524377983,1280.0
bursty-08,bursty,0,1784490470000000000,4.8,1.0,0.0,0.0,0.0,0.0,196878.73095833333,226131.4251,102.0,102.0,0.39804113348868936,1280.0
bursty-08,bursty,0,1784490475000000000,0.6,1.0,0.0,0.0,0.0,0.0,181263.8296666667,196874.17819999997,102.0,102.0,0.0,0.0
bursty-09,bursty,0,1784490485000000000,2.6,1.0,0.0,0.0,0.0,0.0,208326.68184615386,230141.53120000003,102.0,102.0,0.4978356356777804,1284.0
bursty-09,bursty,0,1784490490000000000,4.6,1.0,0.0,0.0,0.0,0.0,202530.25695652174,269268.725,102.0,102.0,0.19839978235067718,1284.0
bursty-09,bursty,0,1784490495000000000,4.8,1.0,0.0,0.0,0.0,0.0,197105.827375,224354.69275,102.0,102.0,0.3977015735721026,1284.0
bursty-09,bursty,0,1784490500000000000,4.8,1.0,0.0,0.0,0.0,0.0,202032.74508333334,235784.41509999998,102.0,102.0,0.39636664638121377,1284.0
bursty-09,bursty,0,1784490505000000000,4.6,1.0,0.0,0.0,0.0,0.0,200848.92956521738,237363.11669999998,102.0,102.0,0.19897147248602431,1284.0
bursty-09,bursty,0,1784490510000000000,5.2,1.0,0.0,0.0,0.0,0.0,185294.54053846153,219860.67025,102.0,102.0,0.3970888776060738,1284.0
bursty-09,bursty,0,1784490515000000000,4.6,1.0,0.0,0.0,0.0,0.0,199257.97808695654,231410.03799999997,102.0,102.0,0.1990207019184712,1284.0
bursty-09,bursty,0,1784490520000000000,4.6,1.0,0.0,0.0,0.0,0.0,209657.54460869564,248982.08299999998,102.0,102.0,0.39581078139231124,1284.0
bursty-09,bursty,0,1784490525000000000,5.2,1.0,0.0,0.0,0.0,0.0,178042.15526923077,207857.104,102.0,102.0,0.39839475835841015,1284.0
bursty-09,bursty,0,1784490530000000000,5.0,1.0,0.0,0.0,0.0,0.0,193145.60640000002,220865.12720000002,102.0,102.0,0.1984556077439339,1284.0
bursty-09,bursty,0,1784490535000000000,2.2,1.0,0.0,0.0,0.0,0.0,177932.92136363636,203039.6765,102.0,102.0,0.49728000369435277,1284.0
error_storm-00,error_storm,1,1784492405000000000,3.8,0.0,1.0,0.0,0.0,1.0,188021.1212631579,209128.1864,13.0,13.0,0.33203965338535985,1280.0
error_storm-00,error_storm,1,1784492410000000000,5.0,0.0,1.0,0.0,0.0,1.0,198468.64064,230159.17299999998,13.0,13.0,0.3978820722794688,1280.0
error_storm-00,error_storm,1,1784492415000000000,4.8,0.0,1.0,0.0,0.0,1.0,203083.17616666667,251807.82419999997,13.0,13.0,0.19844742848453525,1280.0
error_storm-00,error_storm,1,1784492420000000000,5.0,0.0,1.0,0.0,0.0,1.0,199643.57332,229303.992,13.0,13.0,0.595781668758933,1280.0
error_storm-00,error_storm,1,1784492425000000000,5.2,0.0,1.0,0.0,0.0,1.0,188767.92184615385,212035.62825,13.0,13.0,0.39751895242516594,1280.0
error_storm-00,error_storm,1,1784492430000000000,5.4,0.0,1.0,0.0,0.0,1.0,183891.59511111112,203258.7321,13.0,13.0,0.3973393771993466,1280.0
error_storm-00,error_storm,1,1784492435000000000,5.0,0.0,1.0,0.0,0.0,1.0,191080.17651999998,217073.5034,13.0,13.0,0.1978769029216993,1280.0
error_storm-00,error_storm,1,1784492440000000000,5.0,0.0,1.0,0.0,0.0,1.0,197339.20548,242991.63139999995,13.0,13.0,0.39683262460340335,1280.0
error_storm-00,error_storm,1,1784492445000000000,5.2,0.0,1.0,0.0,0.0,1.0,195137.48096153844,245746.539,13.0,13.0,0.19879546586864097,1280.0
error_storm-00,error_storm,1,1784492450000000000,5.2,0.0,1.0,0.0,0.0,1.0,189232.56273076922,221395.74825,13.0,13.0,0.39650587288859,1280.0
error_storm-00,error_storm,1,1784492455000000000,1.2,0.0,1.0,0.0,0.0,1.0,197607.05383333334,213227.2755,13.0,13.0,0.0,1280.0
error_storm-01,error_storm,1,1784492465000000000,2.2,0.0,1.0,0.0,0.0,1.0,200531.08845454548,221134.24550000002,13.0,13.0,0.4946496610189122,1276.0
error_storm-01,error_storm,1,1784492470000000000,4.8,0.0,1.0,0.0,0.0,1.0,204131.60287499998,242831.53569999998,13.0,13.0,0.19894158995839537,1276.0
error_storm-01,error_storm,1,1784492475000000000,5.0,0.0,1.0,0.0,0.0,1.0,195400.78987999997,228365.30539999998,13.0,13.0,0.5964805618293599,1276.0
error_storm-01,error_storm,1,1784492480000000000,4.2,0.0,1.0,0.0,0.0,1.0,237593.27238095237,321978.202,13.0,13.0,0.1984413454289485,1276.0
error_storm-01,error_storm,1,1784492485000000000,4.6,0.0,1.0,0.0,0.0,1.0,207015.93908695652,243184.1707,13.0,13.0,0.1983971964666757,1276.0
error_storm-01,error_storm,1,1784492490000000000,5.0,0.0,1.0,0.0,0.0,1.0,198414.88316,222157.33459999997,13.0,13.0,0.49732320707292743,1276.0
error_storm-01,error_storm,1,1784492495000000000,4.6,0.0,1.0,0.0,0.0,1.0,214003.8743478261,245479.7695,13.0,13.0,0.3970902297157678,1276.0
error_storm-01,error_storm,1,1784492500000000000,4.8,0.0,1.0,0.0,0.0,1.0,208320.52125,232894.47304999997,13.0,13.0,0.39639991786668416,1276.0
error_storm-01,error_storm,1,1784492505000000000,5.2,0.0,1.0,0.0,0.0,1.0,186441.00146153846,210286.76425,13.0,13.0,0.19774903968765287,1276.0
error_storm-01,error_storm,1,1784492510000000000,5.2,0.0,1.0,0.0,0.0,1.0,189202.9266153846,225684.34824999998,13.0,13.0,0.39796600042303076,1276.0
error_storm-01,error_storm,1,1784492515000000000,3.0,0.0,1.0,0.0,0.0,1.0,186692.39466666666,205218.51909999998,13.0,13.0,0.3295837555148809,1276.0
error_storm-02,error_storm,1,1784492525000000000,0.6,0.0,1.0,0.0,0.0,1.0,176723.09766666664,183658.1207,13.0,13.0,0.0,0.0
error_storm-02,error_storm,1,1784492530000000000,5.2,0.0,1.0,0.0,0.0,1.0,186519.82223076926,205942.7735,13.0,13.0,0.39756519519878786,1280.0
error_storm-02,error_storm,1,1784492535000000000,5.2,0.0,1.0,0.0,0.0,1.0,193787.21003846155,217303.383,13.0,13.0,0.3969185961437726,1280.0
error_storm-02,error_storm,1,1784492540000000000,5.0,0.0,1.0,0.0,0.0,1.0,192746.86784000002,225379.3228,13.0,13.0,0.3980615063820524,1280.0
error_storm-02,error_storm,1,1784492545000000000,5.0,0.0,1.0,0.0,0.0,1.0,198992.52644000002,228220.3782,13.0,13.0,0.19893520686479405,1280.0
error_storm-02,error_storm,1,1784492550000000000,5.0,0.0,1.0,0.0,0.0,1.0,199596.01260000002,229524.2676,13.0,13.0,0.1980306797466155,1280.0
error_storm-02,error_storm,1,1784492555000000000,5.2,0.0,1.0,0.0,0.0,1.0,189094.75461538462,208115.90350000001,13.0,13.0,0.3972010180471156,1280.0
error_storm-02,error_storm,1,1784492560000000000,5.0,0.0,1.0,0.0,0.0,1.0,195390.88608,212587.5036,13.0,13.0,0.39774860362646514,1280.0
error_storm-02,error_storm,1,1784492565000000000,5.0,0.0,1.0,0.0,0.0,1.0,193290.59467999998,220650.20659999998,13.0,13.0,0.39746602906158685,1280.0
error_storm-02,error_storm,1,1784492570000000000,5.0,0.0,1.0,0.0,0.0,1.0,196644.97892000002,223382.01299999998,13.0,13.0,0.3979014690435494,1280.0
error_storm-02,error_storm,1,1784492575000000000,4.4,0.0,1.0,0.0,0.0,1.0,195849.2079090909,223585.4294,13.0,13.0,0.24808605995865163,1280.0
error_storm-03,error_storm,1,1784492590000000000,4.0,0.0,1.0,0.0,0.0,1.0,194980.78530000002,220321.3579,13.0,13.0,0.3310044952671218,1280.0
error_storm-03,error_storm,1,1784492595000000000,5.2,0.0,1.0,0.0,0.0,1.0,185106.33000000002,223538.689,13.0,13.0,0.3968843765014217,1280.0
error_storm-03,error_storm,1,1784492600000000000,5.2,0.0,1.0,0.0,0.0,1.0,187487.4615,215623.25574999998,13.0,13.0,0.3974410990061246,1280.0
error_storm-03,error_storm,1,1784492605000000000,5.0,0.0,1.0,0.0,0.0,1.0,197021.16504,226074.95200000002,13.0,13.0,0.39637257532408265,1280.0
error_storm-03,error_storm,1,1784492610000000000,5.0,0.0,1.0,0.0,0.0,1.0,200190.92984,239810.26119999995,13.0,13.0,0.19848811523232293,1280.0
error_storm-03,error_storm,1,1784492615000000000,4.6,0.0,1.0,0.0,0.0,1.0,211728.24826086956,239443.9682,13.0,13.0,0.3981686912215029,1280.0
error_storm-03,error_storm,1,1784492620000000000,4.6,0.0,1.0,0.0,0.0,1.0,210841.46091304347,238947.2082,13.0,13.0,0.395891162185237,1280.0
error_storm-03,error_storm,1,1784492625000000000,4.4,0.0,1.0,0.0,0.0,1.0,223723.46427272726,316620.31055,13.0,13.0,0.3969063573967045,1280.0
error_storm-03,error_storm,1,1784492630000000000,4.6,0.0,1.0,0.0,0.0,1.0,221150.32026086957,251298.3353,13.0,13.0,0.19886740795182387,1280.0
error_storm-03,error_storm,1,1784492635000000000,4.2,0.0,1.0,0.0,0.0,1.0,225019.79809523807,284648.998,13.0,13.0,0.3976045652216412,1280.0
error_storm-03,error_storm,1,1784492640000000000,1.2,0.0,1.0,0.0,0.0,1.0,224675.79216666668,237271.653,13.0,13.0,0.0,1280.0
error_storm-04,error_storm,1,1784492650000000000,2.0,0.0,1.0,0.0,0.0,1.0,193179.5209,219219.79609999998,13.0,13.0,0.9949489981382952,1284.0
error_storm-04,error_storm,1,1784492655000000000,5.2,0.0,1.0,0.0,0.0,1.0,188866.18415384614,211827.66675,13.0,13.0,0.19904927438214254,1284.0
error_storm-04,error_storm,1,1784492660000000000,5.2,0.0,1.0,0.0,0.0,1.0,188763.7091153846,209764.2715,13.0,13.0,0.5962159514796449,1284.0
error_storm-04,error_storm,1,1784492665000000000,5.2,0.0,1.0,0.0,0.0,1.0,188571.38307692308,204183.95299999998,13.0,13.0,0.19879340889280625,1284.0
error_storm-04,error_storm,1,1784492670000000000,4.6,0.0,1.0,0.0,0.0,1.0,207275.8968695652,239799.40279999998,13.0,13.0,0.3951205090772218,1284.0
error_storm-04,error_storm,1,1784492675000000000,5.4,0.0,1.0,0.0,0.0,1.0,186694.27592592593,210105.39640000003,13.0,13.0,0.3979762427092901,1284.0
error_storm-04,error_storm,1,1784492680000000000,5.2,0.0,1.0,0.0,0.0,1.0,188177.02823076924,217845.85375,13.0,13.0,0.3977857009756865,1284.0
error_storm-04,error_storm,1,1784492685000000000,5.2,0.0,1.0,0.0,0.0,1.0,190538.2716923077,226529.72125,13.0,13.0,0.1989520016299262,1284.0
error_storm-04,error_storm,1,1784492690000000000,4.8,0.0,1.0,0.0,0.0,1.0,196056.54120833334,219787.66984999998,13.0,13.0,0.3976290894850384,1284.0
error_storm-04,error_storm,1,1784492695000000000,5.2,0.0,1.0,0.0,0.0,1.0,194943.16096153844,221549.68425,13.0,13.0,0.3981666103008167,1284.0
error_storm-04,error_storm,1,1784492700000000000,3.4,0.0,1.0,0.0,0.0,1.0,186497.54429411766,207264.1984,13.0,13.0,0.3273519252381339,1284.0
error_storm-05,error_storm,1,1784492710000000000,0.2,0.0,1.0,0.0,0.0,1.0,217526.594,217526.594,13.0,13.0,0.0,0.0
error_storm-05,error_storm,1,1784492715000000000,5.0,0.0,1.0,0.0,0.0,1.0,201076.03324000002,250856.86359999998,13.0,13.0,0.3964285098029026,1264.0
error_storm-05,error_storm,1,1784492720000000000,4.8,0.0,1.0,0.0,0.0,1.0,194968.41341666668,235595.55584999998,13.0,13.0,0.19840535898906153,1264.0
error_storm-05,error_storm,1,1784492725000000000,5.0,0.0,1.0,0.0,0.0,1.0,199789.08984,238466.89859999996,13.0,13.0,0.3980059956198819,1264.0
error_storm-05,error_storm,1,1784492730000000000,5.0,0.0,1.0,0.0,0.0,1.0,202758.95576,239681.78720000002,13.0,13.0,0.3953315549160789,1264.0
error_storm-05,error_storm,1,1784492735000000000,4.8,0.0,1.0,0.0,0.0,1.0,197950.30841666667,220310.59365,13.0,13.0,0.19783281393020452,1264.0
error_storm-05,error_storm,1,1784492740000000000,5.0,0.0,1.0,0.0,0.0,1.0,204084.82012,250616.881,13.0,13.0,0.5953852780329023,1264.0
error_storm-05,error_storm,1,1784492745000000000,4.8,0.0,1.0,0.0,0.0,1.0,197502.868375,244239.52774999995,13.0,13.0,0.19848225384062168,1264.0
error_storm-05,error_storm,1,1784492750000000000,4.4,0.0,1.0,0.0,0.0,1.0,225924.29409090907,281168.4144,13.0,13.0,0.3983351990640374,1264.0
error_storm-05,error_storm,1,1784492755000000000,4.4,0.0,1.0,0.0,0.0,1.0,221585.23686363638,276829.86289999995,13.0,13.0,0.1972905773296211,1264.0
error_storm-05,error_storm,1,1784492760000000000,4.4,0.0,1.0,0.0,0.0,1.0,218349.3349090909,249142.77625,13.0,13.0,0.49534595374608703,1264.0
error_storm-06,error_storm,1,1784492775000000000,3.8,0.0,1.0,0.0,0.0,1.0,188468.77031578947,216959.85759999993,13.0,13.0,0.6636508398880543,1284.0
error_storm-06,error_storm,1,1784492780000000000,5.2,0.0,1.0,0.0,0.0,1.0,191967.84161538462,225698.28300000002,13.0,13.0,0.3973424487859857,1284.0
error_storm-06,error_storm,1,1784492785000000000,5.2,0.0,1.0,0.0,0.0,1.0,190686.85653846152,226532.90825,13.0,13.0,0.19887058886812375,1284.0
error_storm-06,error_storm,1,1784492790000000000,5.2,0.0,1.0,0.0,0.0,1.0,190125.4902692308,238965.84925000003,13.0,13.0,0.3973708169765907,1284.0
error_storm-06,error_storm,1,1784492795000000000,5.6,0.0,1.0,0.0,0.0,1.0,173134.40878571427,181895.5341,13.0,13.0,0.3982208091703113,1284.0
error_storm-06,error_storm,1,1784492800000000000,5.4,0.0,1.0,0.0,0.0,1.0,184103.43755555557,202519.51880000002,13.0,13.0,0.3972536548244994,1284.0
error_storm-06,error_storm,1,1784492805000000000,5.2,0.0,1.0,0.0,0.0,1.0,189507.59365384612,215313.7755,13.0,13.0,0.19900652519709378,1284.0
error_storm-06,error_storm,1,1784492810000000000,5.0,0.0,1.0,0.0,0.0,1.0,190462.12032000002,247987.2034,13.0,13.0,0.39696234843413347,1284.0
error_storm-06,error_storm,1,1784492815000000000,5.2,0.0,1.0,0.0,0.0,1.0,193983.5611153846,241726.9955,13.0,13.0,0.3964550608561412,1284.0
error_storm-06,error_storm,1,1784492820000000000,4.6,0.0,1.0,0.0,0.0,1.0,210919.54230434782,249523.0256,13.0,13.0,0.39729447620987307,1284.0
error_storm-06,error_storm,1,1784492825000000000,1.4,0.0,1.0,0.0,0.0,1.0,201080.64700000003,214922.7781,13.0,13.0,0.0,1284.0
error_storm-07,error_storm,1,1784492835000000000,2.0,0.0,1.0,0.0,0.0,1.0,191110.4381,206858.98119999998,13.0,13.0,0.49701181734163236,1284.0
error_storm-07,error_storm,1,1784492840000000000,5.2,0.0,1.0,0.0,0.0,1.0,190768.7668076923,212774.82475000003,13.0,13.0,0.49633759671199285,1284.0
error_storm-07,error_storm,1,1784492845000000000,5.0,0.0,1.0,0.0,0.0,1.0,199543.41544,239809.64179999995,13.0,13.0,0.3979842222041885,1284.0
error_storm-07,error_storm,1,1784492850000000000,5.0,0.0,1.0,0.0,0.0,1.0,191729.8018,220613.7376,13.0,13.0,0.19862388604772868,1284.0
error_storm-07,error_storm,1,1784492855000000000,5.4,0.0,1.0,0.0,0.0,1.0,183602.4518888889,199500.5633,13.0,13.0,0.39795456026624026,1284.0
error_storm-07,error_storm,1,1784492860000000000,5.2,0.0,1.0,0.0,0.0,1.0,193994.22584615383,219576.50625,13.0,13.0,0.3975685719693266,1284.0
error_storm-07,error_storm,1,1784492865000000000,4.8,0.0,1.0,0.0,0.0,1.0,202184.56808333332,231852.11229999998,13.0,13.0,0.19882218651291805,1284.0
error_storm-07,error_storm,1,1784492870000000000,5.0,0.0,1.0,0.0,0.0,1.0,197963.53264,229927.83479999995,13.0,13.0,0.39796621118823583,1284.0
error_storm-07,error_storm,1,1784492875000000000,4.6,0.0,1.0,0.0,0.0,1.0,211572.35652173913,284562.05529999995,13.0,13.0,0.39676331782807156,1284.0
error_storm-07,error_storm,1,1784492880000000000,4.2,0.0,1.0,0.0,0.0,1.0,234950.94914285713,312006.997,13.0,13.0,0.3978548625453021,1284.0
error_storm-07,error_storm,1,1784492885000000000,2.8,0.0,1.0,0.0,0.0,1.0,219232.5555,261612.85479999997,13.0,13.0,0.3302092608302647,1284.0
error_storm-08,error_storm,1,1784492895000000000,0.6,0.0,1.0,0.0,0.0,1.0,180021.06000000003,184391.9471,13.0,13.0,0.0,0.0
error_storm-08,error_storm,1,1784492900000000000,4.8,0.0,1.0,0.0,0.0,1.0,200675.2446666667,235887.8394,13.0,13.0,0.19724208075215444,1280.0
error_storm-08,error_storm,1,1784492905000000000,4.8,0.0,1.0,0.0,0.0,1.0,206022.738125,256372.84629999992,13.0,13.0,0.39780803030650214,1280.0
error_storm-08,error_storm,1,1784492910000000000,5.0,0.0,1.0,0.0,0.0,1.0,198847.58952,236245.792,13.0,13.0,0.396657213135967,1280.0
error_storm-08,error_storm,1,1784492915000000000,5.4,0.0,1.0,0.0,0.0,1.0,182289.37348148148,204318.6353,13.0,13.0,0.19919170555539453,1280.0
error_storm-08,error_storm,1,1784492920000000000,5.0,0.0,1.0,0.0,0.0,1.0,193412.76059999998,215968.1714,13.0,13.0,0.39708100606129093,1280.0
error_storm-08,error_storm,1,1784492925000000000,5.0,0.0,1.0,0.0,0.0,1.0,196467.16624000002,217718.4108,13.0,13.0,0.39799169224094194,1280.0
error_storm-08,error_storm,1,1784492930000000000,5.0,0.0,1.0,0.0,0.0,1.0,200483.76232,241678.935,13.0,13.0,0.3968108469058284,1280.0
error_storm-08,error_storm,1,1784492935000000000,5.2,0.0,1.0,0.0,0.0,1.0,183929.57700000002,222124.745,13.0,13.0,0.198340494405314,1280.0
error_storm-08,error_storm,1,1784492940000000000,5.2,0.0,1.0,0.0,0.0,1.0,188143.90146153845,214540.4385,13.0,13.0,0.5963805737706702,1280.0
error_storm-08,error_storm,1,1784492945000000000,5.0,0.0,1.0,0.0,0.0,1.0,184483.25372,211924.50759999995,13.0,13.0,0.24850140704627788,1280.0
error_storm-09,error_storm,1,1784492960000000000,3.8,0.0,1.0,0.0,0.0,1.0,195395.87015789474,223134.34789999996,13.0,13.0,0.3310374949532589,1284.0
error_storm-09,error_storm,1,1784492965000000000,5.2,0.0,1.0,0.0,0.0,1.0,188070.75757692306,231670.62975,13.0,13.0,0.3975658783815405,1284.0
error_storm-09,error_storm,1,1784492970000000000,5.4,0.0,1.0,0.0,0.0,1.0,184682.3474814815,206893.26429999998,13.0,13.0,0.3979221369997005,1284.0
error_storm-09,error_storm,1,1784492975000000000,5.4,0.0,1.0,0.0,0.0,1.0,183959.60103703703,209257.42059999998,13.0,13.0,0.39730645405909354,1284.0
error_storm-09,error_storm,1,1784492980000000000,4.6,0.0,1.0,0.0,0.0,1.0,210499.47504347825,239924.9242,13.0,13.0,0.19784891282215306,1284.0
error_storm-09,error_storm,1,1784492985000000000,5.0,0.0,1.0,0.0,0.0,1.0,197965.26307999998,247003.79919999995,13.0,13.0,0.5956410185715366,1284.0
error_storm-09,error_storm,1,1784492990000000000,5.2,0.0,1.0,0.0,0.0,1.0,189996.1588076923,226482.2615,13.0,13.0,0.1980234573755835,1284.0
error_storm-09,error_storm,1,1784492995000000000,5.2,0.0,1.0,0.0,0.0,1.0,191561.27519230772,216541.1115,13.0,13.0,0.590923546208718,1284.0
error_storm-09,error_storm,1,1784493000000000000,5.2,0.0,1.0,0.0,0.0,1.0,182689.67073076923,201318.8215,13.0,13.0,0.195792903510099,1284.0
error_storm-09,error_storm,1,1784493005000000000,5.4,0.0,1.0,0.0,0.0,1.0,187727.85225925926,208857.2757,13.0,13.0,0.3976882083332738,1284.0
error_storm-09,error_storm,1,1784493010000000000,1.2,0.0,1.0,0.0,0.0,1.0,194379.21683333334,198823.59925,13.0,13.0,0.0,1284.0
flood-00,flood,1,1784491165000000000,4.6,1.0,0.0,0.0,0.0,0.0,179512.02386956522,210578.8251,38.0,38.0,0.2477475663340343,1216.0
flood-00,flood,1,1784491170000000000,5.6,1.0,0.0,0.0,0.0,0.0,179088.529,202399.37225,38.0,38.0,0.3964139005505527,1216.0
flood-00,flood,1,1784491175000000000,5.2,1.0,0.0,0.0,0.0,0.0,194207.63142307693,220201.1675,38.0,38.0,0.19893183511349444,1216.0
flood-00,flood,1,1784491180000000000,4.8,1.0,0.0,0.0,0.0,0.0,203839.59116666668,237360.6946,38.0,38.0,0.1983240123609209,1216.0
flood-00,flood,1,1784491185000000000,5.4,1.0,0.0,0.0,0.0,0.0,181699.71555555557,205178.25780000002,38.0,38.0,0.596815120474402,1216.0
flood-00,flood,1,1784491190000000000,5.4,1.0,0.0,0.0,0.0,0.0,187995.15144444443,238401.24099999998,38.0,38.0,0.19870813028810833,1216.0
flood-00,flood,1,1784491195000000000,5.0,1.0,0.0,0.0,0.0,0.0,196351.20108,230956.6986,38.0,38.0,0.19754179991647125,1216.0
flood-00,flood,1,1784491200000000000,5.2,1.0,0.0,0.0,0.0,0.0,190772.80807692307,249505.3235,38.0,38.0,0.19839474073635907,1216.0
flood-00,flood,1,1784491205000000000,4.6,1.0,0.0,0.0,0.0,0.0,215006.0945217391,273626.77869999997,38.0,38.0,0.3973033732877516,1216.0
flood-00,flood,1,1784491210000000000,4.8,1.0,0.0,0.0,0.0,0.0,207543.14558333333,249251.58709999998,38.0,38.0,0.3970556226547203,1216.0
flood-00,flood,1,1784491215000000000,0.8,1.0,0.0,0.0,0.0,0.0,199176.55225,221464.72744999998,38.0,38.0,0.0,0.0
flood-01,flood,1,1784491225000000000,2.8,1.0,0.0,0.0,0.0,0.0,187983.55285714287,214794.92685,38.0,38.0,0.4975704317489192,1220.0
flood-01,flood,1,1784491230000000000,5.2,1.0,0.0,0.0,0.0,0.0,193431.25588461538,226067.15125,38.0,38.0,0.3976227767456265,1220.0
flood-01,flood,1,1784491235000000000,5.2,1.0,0.0,0.0,0.0,0.0,190169.28949999998,231124.60475,38.0,38.0,0.19841177642781666,1220.0
flood-01,flood,1,1784491240000000000,5.2,1.0,0.0,0.0,0.0,0.0,192945.11738461538,243059.841,38.0,38.0,0.3978981728289515,1220.0
flood-01,flood,1,1784491245000000000,5.4,1.0,0.0,0.0,0.0,0.0,181054.01774074076,209446.666,38.0,38.0,0.19844314900205545,1220.0
flood-01,flood,1,1784491250000000000,5.4,1.0,0.0,0.0,0.0,0.0,187746.5654814815,209229.267,38.0,38.0,0.3970610131026766,1220.0
flood-01,flood,1,1784491255000000000,5.4,1.0,0.0,0.0,0.0,0.0,183986.73885185184,208360.15389999998,38.0,38.0,0.39798135133077955,1220.0
flood-01,flood,1,1784491260000000000,5.4,1.0,0.0,0.0,0.0,0.0,179525.97325925925,200306.315,38.0,38.0,0.19824887050233703,1220.0
flood-01,flood,1,1784491265000000000,5.6,1.0,0.0,0.0,0.0,0.0,182716.93867857143,206672.0151,38.0,38.0,0.39728327052423873,1220.0
flood-01,flood,1,1784491270000000000,5.2,1.0,0.0,0.0,0.0,0.0,188569.3256923077,219551.59775000002,38.0,38.0,0.19808312562526612,1220.0
flood-01,flood,1,1784491275000000000,2.4,1.0,0.0,0.0,0.0,0.0,188315.42258333333,212765.33395,38.0,38.0,0.4917351753014412,1220.0
flood-02,flood,1,1784491285000000000,1.2,1.0,0.0,0.0,0.0,0.0,173934.21483333336,189397.44125,38.0,38.0,0.9915984786122695,1220.0
flood-02,flood,1,1784491290000000000,4.4,1.0,0.0,0.0,0.0,0.0,219784.18095454545,265937.94029999996,38.0,38.0,0.19906467907830563,1220.0
flood-02,flood,1,1784491295000000000,3.0,1.0,0.0,0.0,0.0,0.0,322189.2389333333,378325.19049999997,38.0,38.0,0.24803403338865693,1220.0
flood-02,flood,1,1784491300000000000,5.0,1.0,0.0,0.0,0.0,0.0,207006.11704,254728.19759999993,38.0,38.0,0.398009649347918,1220.0
flood-02,flood,1,1784491305000000000,4.0,1.0,0.0,0.0,0.0,0.0,238906.70070000002,323218.83785,38.0,38.0,0.19750499562717028,1220.0
flood-02,flood,1,1784491310000000000,4.0,1.0,0.0,0.0,0.0,0.0,257902.48390000002,344586.20155,38.0,38.0,0.3952297214021262,1220.0
flood-02,flood,1,1784491315000000000,5.4,1.0,0.0,0.0,0.0,0.0,183078.03555555554,224202.63909999997,38.0,38.0,0.3961635286777154,1220.0
flood-02,flood,1,1784491320000000000,5.8,1.0,0.0,0.0,0.0,0.0,175060.82,207435.6684,38.0,38.0,0.3977222038917113,1220.0
flood-02,flood,1,1784491325000000000,5.4,1.0,0.0,0.0,0.0,0.0,181062.90940740742,200785.0664,38.0,38.0,0.19920894427043626,1220.0
flood-02,flood,1,1784491330000000000,5.2,1.0,0.0,0.0,0.0,0.0,193488.2393076923,246638.296,38.0,38.0,0.3970692035745756,1220.0
flood-02,flood,1,1784491335000000000,4.0,1.0,0.0,0.0,0.0,0.0,193658.42849999998,220335.7866,38.0,38.0,0.24747851344277896,1220.0
flood-03,flood,1,1784491350000000000,4.8,1.0,0.0,0.0,0.0,0.0,177552.80733333333,205634.3295,38.0,38.0,0.496806823747971,1208.0
flood-03,flood,1,1784491355000000000,5.6,1.0,0.0,0.0,0.0,0.0,178760.69892857145,201867.38544999997,38.0,38.0,0.19848575968184606,1208.0
flood-03,flood,1,1784491360000000000,5.2,1.0,0.0,0.0,0.0,0.0,191156.72626923077,243176.705,38.0,38.0,0.39599896629131487,1208.0
flood-03,flood,1,1784491365000000000,5.6,1.0,0.0,0.0,0.0,0.0,177454.72057142857,207192.4791,38.0,38.0,0.19791712101015757,1208.0
flood-03,flood,1,1784491370000000000,5.2,1.0,0.0,0.0,0.0,0.0,189300.58738461538,213981.5365,38.0,38.0,0.19781135640278674,1208.0
flood-03,flood,1,1784491375000000000,5.4,1.0,0.0,0.0,0.0,0.0,181095.08925925926,220833.1578,38.0,38.0,0.596030630920188,1208.0
flood-03,flood,1,1784491380000000000,4.8,1.0,0.0,0.0,0.0,0.0,205149.52425000002,250931.36844999998,38.0,38.0,0.19735499331751555,1208.0
flood-03,flood,1,1784491385000000000,5.2,1.0,0.0,0.0,0.0,0.0,198890.3673076923,269161.0285,38.0,38.0,0.2484888518239825,1208.0
flood-03,flood,1,1784491390000000000,4.8,1.0,0.0,0.0,0.0,0.0,206634.808375,258358.28105,38.0,38.0,0.1986085800654344,1208.0
flood-03,flood,1,1784491395000000000,5.4,1.0,0.0,0.0,0.0,0.0,184753.01785185185,209607.91689999998,38.0,38.0,0.1991822138003379,1208.0
flood-03,flood,1,1784491400000000000,0.8,1.0,0.0,0.0,0.0,0.0,178193.97975,189927.98475,38.0,38.0,0.9960953738689192,1208.0
flood-04,flood,1,1784491410000000000,2.6,1.0,0.0,0.0,0.0,0.0,189170.3743076923,216558.9552,38.0,38.0,0.4960759711061423,1212.0
flood-04,flood,1,1784491415000000000,5.6,1.0,0.0,0.0,0.0,0.0,179122.89810714286,209403.30495000002,38.0,38.0,0.3974918982659588,1212.0
flood-04,flood,1,1784491420000000000,5.4,1.0,0.0,0.0,0.0,0.0,188133.49000000002,215013.91009999998,38.0,38.0,0.19775586505901918,1212.0
flood-04,flood,1,1784491425000000000,5.6,1.0,0.0,0.0,0.0,0.0,173786.19235714286,202089.37994999997,38.0,38.0,0.3973269812898248,1212.0
flood-04,flood,1,1784491430000000000,5.4,1.0,0.0,0.0,0.0,0.0,183949.13040740739,231864.29969999997,38.0,38.0,0.19900552679542055,1212.0
flood-04,flood,1,1784491435000000000,5.4,1.0,0.0,0.0,0.0,0.0,182887.55351851854,205140.0896,38.0,38.0,0.39739129521605887,1212.0
flood-04,flood,1,1784491440000000000,5.2,1.0,0.0,0.0,0.0,0.0,193242.43296153846,215578.4495,38.0,38.0,0.39663048056905975,1212.0
flood-04,flood,1,1784491445000000000,5.4,1.0,0.0,0.0,0.0,0.0,186731.8005925926,209159.0933,38.0,38.0,0.1991556053270197,1212.0
flood-04,flood,1,1784491450000000000,5.2,1.0,0.0,0.0,0.0,0.0,189016.87553846155,260280.96399999998,38.0,38.0,0.39684222536131725,1212.0
flood-04,flood,1,1784491455000000000,5.2,1.0,0.0,0.0,0.0,0.0,195038.23007692306,243215.28875,38.0,38.0,0.19828039680146634,1212.0
flood-04,flood,1,1784491460000000000,2.6,1.0,0.0,0.0,0.0,0.0,180293.12607692307,205919.9422,38.0,38.0,0.0,1212.0
flood-05,flood,1,1784491470000000000,0.8,1.0,0.0,0.0,0.0,0.0,198763.94,215998.07829999996,38.0,38.0,0.0,0.0
flood-05,flood,1,1784491475000000000,5.4,1.0,0.0,0.0,0.0,0.0,183892.20066666664,214712.23189999998,38.0,38.0,0.19820922189870943,1216.0
flood-05,flood,1,1784491480000000000,5.2,1.0,0.0,0.0,0.0,0.0,191751.07907692308,257182.34425000002,38.0,38.0,0.39800001649146766,1216.0
flood-05,flood,1,1784491485000000000,5.4,1.0,0.0,0.0,0.0,0.0,184035.10981481482,207123.67859999998,38.0,38.0,0.19860032192933447,1216.0
flood-05,flood,1,1784491490000000000,5.2,1.0,0.0,0.0,0.0,0.0,186180.13592307692,225383.51975,38.0,38.0,0.39752007963917163,1216.0
flood-05,flood,1,1784491495000000000,5.2,1.0,0.0,0.0,0.0,0.0,193652.0271153846,220994.8645,38.0,38.0,0.3975688425168692,1216.0
flood-05,flood,1,1784491500000000000,4.4,1.0,0.0,0.0,0.0,0.0,228694.6247727273,287882.75855,38.0,38.0,0.1984386736019726,1216.0
flood-05,flood,1,1784491505000000000,4.4,1.0,0.0,0.0,0.0,0.0,226042.66481818183,258908.85159999997,38.0,38.0,0.19836890119636116,1216.0
flood-05,flood,1,1784491510000000000,4.4,1.0,0.0,0.0,0.0,0.0,222765.8332727273,278355.0207,38.0,38.0,0.39730868236068095,1216.0
flood-05,flood,1,1784491515000000000,4.6,1.0,0.0,0.0,0.0,0.0,215650.45352173914,283048.3627,38.0,38.0,0.19909688161273847,1216.0
flood-05,flood,1,1784491520000000000,3.8,1.0,0.0,0.0,0.0,0.0,225078.91084210525,269486.50700000004,38.0,38.0,0.24885742414367565,1216.0
flood-06,flood,1,1784491535000000000,4.4,1.0,0.0,0.0,0.0,0.0,191126.97336363635,213429.5132,38.0,38.0,0.24870708774829947,1216.0
flood-06,flood,1,1784491540000000000,5.4,1.0,0.0,0.0,0.0,0.0,188085.00222222222,208516.33529999998,38.0,38.0,0.1982686589856767,1216.0
flood-06,flood,1,1784491545000000000,5.2,1.0,0.0,0.0,0.0,0.0,188357.043,222127.4485,38.0,38.0,0.3972140791723583,1216.0
flood-06,flood,1,1784491550000000000,5.0,1.0,0.0,0.0,0.0,0.0,199314.41844,236939.55020000003,38.0,38.0,0.19841636301332363,1216.0
flood-06,flood,1,1784491555000000000,5.4,1.0,0.0,0.0,0.0,0.0,182370.91577777776,201880.0737,38.0,38.0,0.3970745521962597,1216.0
flood-06,flood,1,1784491560000000000,5.2,1.0,0.0,0.0,0.0,0.0,196789.58299999998,227405.07124999998,38.0,38.0,0.1961359588184311,1216.0
flood-06,flood,1,1784491565000000000,5.0,1.0,0.0,0.0,0.0,0.0,195315.86828000002,219119.0422,38.0,38.0,0.3963705895630475,1216.0
flood-06,flood,1,1784491570000000000,5.0,1.0,0.0,0.0,0.0,0.0,202413.45116,239644.21380000003,38.0,38.0,0.19868099225761832,1216.0
flood-06,flood,1,1784491575000000000,5.4,1.0,0.0,0.0,0.0,0.0,181464.37144444443,212859.8137,38.0,38.0,0.49756939059836025,1216.0
flood-06,flood,1,1784491580000000000,5.0,1.0,0.0,0.0,0.0,0.0,194051.43932,241701.978,38.0,38.0,0.19839816574705746,1216.0
flood-06,flood,1,1784491585000000000,0.8,1.0,0.0,0.0,0.0,0.0,196211.4525,225074.70965,38.0,38.0,0.9937131999060178,1216.0
flood-07,flood,1,1784491595000000000,2.8,1.0,0.0,0.0,0.0,0.0,182391.26392857142,201447.09235,38.0,38.0,0.49772688281934474,1216.0
flood-07,flood,1,1784491600000000000,5.2,1.0,0.0,0.0,0.0,0.0,191535.4524615385,215742.90149999998,38.0,38.0,0.1990310418535541,1216.0
flood-07,flood,1,1784491605000000000,5.2,1.0,0.0,0.0,0.0,0.0,187054.79853846153,221431.803,38.0,38.0,0.19887729926234526,1216.0
flood-07,flood,1,1784491610000000000,5.4,1.0,0.0,0.0,0.0,0.0,189197.7817037037,222563.0249,38.0,38.0,0.3964597806566851,1216.0
flood-07,flood,1,1784491615000000000,5.2,1.0,0.0,0.0,0.0,0.0,185636.45750000002,212133.07525,38.0,38.0,0.3940351063651228,1216.0
flood-07,flood,1,1784491620000000000,5.2,1.0,0.0,0.0,0.0,0.0,189874.82557692306,211429.02625,38.0,38.0,0.19897441483208927,1216.0
flood-07,flood,1,1784491625000000000,5.4,1.0,0.0,0.0,0.0,0.0,185296.2134814815,214019.1569,38.0,38.0,0.3969301708454993,1216.0
flood-07,flood,1,1784491630000000000,5.0,1.0,0.0,0.0,0.0,0.0,203274.71336,231018.9376,38.0,38.0,0.3979025820571338,1216.0
flood-07,flood,1,1784491635000000000,4.4,1.0,0.0,0.0,0.0,0.0,218493.91845454546,281758.4256,38.0,38.0,0.19850847895072515,1216.0
flood-07,flood,1,1784491640000000000,4.6,1.0,0.0,0.0,0.0,0.0,217004.7637826087,256577.447,38.0,38.0,0.19770800041200767,1216.0
flood-07,flood,1,1784491645000000000,2.4,1.0,0.0,0.0,0.0,0.0,202585.90041666667,224536.07864999998,38.0,38.0,0.49649092033987685,1216.0
flood-08,flood,1,1784491655000000000,0.8,1.0,0.0,0.0,0.0,0.0,240000.25925,268909.63129999995,38.0,38.0,0.0,0.0
flood-08,flood,1,1784491660000000000,4.4,1.0,0.0,0.0,0.0,0.0,219350.85804545457,254346.44044999997,38.0,38.0,0.19863061452286884,1216.0
flood-08,flood,1,1784491665000000000,5.6,1.0,0.0,0.0,0.0,0.0,183548.86303571428,213847.85604999997,38.0,38.0,0.39780163724646156,1216.0
flood-08,flood,1,1784491670000000000,5.0,1.0,0.0,0.0,0.0,0.0,193469.35428,243450.13040000002,38.0,38.0,0.19800999813269643,1216.0
flood-08,flood,1,1784491675000000000,5.2,1.0,0.0,0.0,0.0,0.0,195423.257,224576.341,38.0,38.0,0.1988550176651612,1216.0
flood-08,flood,1,1784491680000000000,5.4,1.0,0.0,0.0,0.0,0.0,179039.4908888889,202279.0095,38.0,38.0,0.3974214110618749,1216.0
flood-08,flood,1,1784491685000000000,5.8,1.0,0.0,0.0,0.0,0.0,175647.8155172414,202130.5774,38.0,38.0,0.19885697270602642,1216.0
flood-08,flood,1,1784491690000000000,5.2,1.0,0.0,0.0,0.0,0.0,188775.1053846154,206300.92025000002,38.0,38.0,0.3972003675052166,1216.0
flood-08,flood,1,1784491695000000000,5.0,1.0,0.0,0.0,0.0,0.0,198843.44072,244045.05459999997,38.0,38.0,0.39659839482193054,1216.0
flood-08,flood,1,1784491700000000000,5.2,1.0,0.0,0.0,0.0,0.0,187137.87892307693,217333.50325,38.0,38.0,0.19822033521308485,1216.0
flood-08,flood,1,1784491705000000000,4.4,1.0,0.0,0.0,0.0,0.0,197035.74386363637,229309.83835000003,38.0,38.0,0.24850819758613626,1216.0
flood-09,flood,1,1784491720000000000,4.2,1.0,0.0,0.0,0.0,0.0,188716.44323809523,224018.948,38.0,38.0,0.661488848489622,1216.0
flood-09,flood,1,1784491725000000000,5.4,1.0,0.0,0.0,0.0,0.0,183189.8974814815,205369.98489999998,38.0,38.0,0.19922646380742784,1216.0
flood-09,flood,1,1784491730000000000,5.0,1.0,0.0,0.0,0.0,0.0,201133.83375999998,228293.4676,38.0,38.0,0.39791569776452035,1216.0
flood-09,flood,1,1784491735000000000,5.2,1.0,0.0,0.0,0.0,0.0,189288.92442307694,214883.29424999998,38.0,38.0,0.19659109527049526,1216.0
flood-09,flood,1,1784491740000000000,5.4,1.0,0.0,0.0,0.0,0.0,183936.323,211003.4705,38.0,38.0,0.3979087827512525,1216.0
flood-09,flood,1,1784491745000000000,5.2,1.0,0.0,0.0,0.0,0.0,192772.5882307692,218998.56399999998,38.0,38.0,0.1987831084510795,1216.0
flood-09,flood,1,1784491750000000000,5.0,1.0,0.0,0.0,0.0,0.0,195160.50832,222063.6732,38.0,38.0,0.39575248825168396,1216.0
flood-09,flood,1,1784491755000000000,4.8,1.0,0.0,0.0,0.0,0.0,208447.83920833332,243970.36235,38.0,38.0,0.19724415262978573,1216.0
flood-09,flood,1,1784491760000000000,4.6,1.0,0.0,0.0,0.0,0.0,221522.69526086957,264367.90499999997,38.0,38.0,0.39581974198384157,1216.0
flood-09,flood,1,1784491765000000000,5.0,1.0,0.0,0.0,0.0,0.0,195981.40811999998,217156.0466,38.0,38.0,0.1989615130212098,1216.0
flood-09,flood,1,1784491770000000000,1.0,1.0,0.0,0.0,0.0,0.0,197077.90380000003,230908.49420000002,38.0,38.0,0.9961020306234176,1216.0
large_value-00,large_value,0,1784490545000000000,1.2,1.0,0.0,0.0,0.0,0.0,187634.47183333334,208951.80925,3078.0,3078.0,0.988824966694447,1284.0
large_value-00,large_value,0,1784490550000000000,4.4,1.0,0.0,0.0,0.0,0.0,202617.58054545455,260775.10144999996,3078.0,3078.0,0.19906540642989445,1284.0
large_value-00,large_value,0,1784490555000000000,4.6,1.0,0.0,0.0,0.0,0.0,196457.5476521739,241181.69739999998,3078.0,3078.0,0.7937521245392011,1284.0
large_value-00,large_value,0,1784490560000000000,4.4,1.0,0.0,0.0,0.0,0.0,207409.88786363637,254947.07855,3078.0,3078.0,0.19836813701801392,1284.0
large_value-00,large_value,0,1784490565000000000,4.2,1.0,0.0,0.0,0.0,0.0,219229.9762857143,306191.918,3078.0,3078.0,0.19847125117281997,1284.0
large_value-00,large_value,0,1784490570000000000,4.0,1.0,0.0,0.0,0.0,0.0,223598.62774999999,344399.9464,3078.0,3078.0,0.3968081015576484,1284.0
large_value-00,large_value,0,1784490575000000000,4.4,1.0,0.0,0.0,0.0,0.0,203922.28109090912,248615.23784999998,3078.0,3078.0,0.5942155442426472,1284.0
large_value-00,large_value,0,1784490580000000000,4.6,1.0,0.0,0.0,0.0,0.0,201273.16165217393,254691.5292,3078.0,3078.0,0.3970756297116442,1284.0
large_value-00,large_value,0,1784490585000000000,3.4,1.0,0.0,0.0,0.0,0.0,263950.0918235294,345621.5554,3078.0,3078.0,0.24889160528965668,1284.0
large_value-00,large_value,0,1784490590000000000,3.8,1.0,0.0,0.0,0.0,0.0,244726.08463157894,338891.61789999995,3078.0,3078.0,0.19918814715712369,1284.0
large_value-00,large_value,0,1784490595000000000,3.8,1.0,0.0,0.0,0.0,0.0,182737.37842105262,225051.33579999994,3078.0,3078.0,0.2486803132608001,1284.0
large_value-01,large_value,0,1784490610000000000,4.4,1.0,0.0,0.0,0.0,0.0,187581.8540909091,218925.87425,3078.0,3078.0,0.49669142971100394,1284.0
large_value-01,large_value,0,1784490615000000000,4.8,1.0,0.0,0.0,0.0,0.0,182307.04658333331,207036.0482,3078.0,3078.0,0.3983740391478364,1284.0
large_value-01,large_value,0,1784490620000000000,4.8,1.0,0.0,0.0,0.0,0.0,189388.46516666666,215933.56545000002,3078.0,3078.0,0.39759262411912105,1284.0
large_value-01,large_value,0,1784490625000000000,4.8,1.0,0.0,0.0,0.0,0.0,186139.32170833333,221342.33685,3078.0,3078.0,0.3980085746678573,1284.0
large_value-01,large_value,0,1784490630000000000,5.0,1.0,0.0,0.0,0.0,0.0,180359.674,209206.4544,3078.0,3078.0,0.39646677741568254,1284.0
large_value-01,large_value,0,1784490635000000000,5.0,1.0,0.0,0.0,0.0,0.0,176559.21036,196303.96619999997,3078.0,3078.0,0.39755907377578015,1284.0
large_value-01,large_value,0,1784490640000000000,4.8,1.0,0.0,0.0,0.0,0.0,189712.105125,221751.5402,3078.0,3078.0,0.19900290747426883,1284.0
large_value-01,large_value,0,1784490645000000000,4.6,1.0,0.0,0.0,0.0,0.0,197858.383,238702.3225,3078.0,3078.0,0.3959298719391214,1284.0
large_value-01,large_value,0,1784490650000000000,4.6,1.0,0.0,0.0,0.0,0.0,194589.0760869565,238560.935,3078.0,3078.0,0.39747481114401956,1284.0
large_value-01,large_value,0,1784490655000000000,4.6,1.0,0.0,0.0,0.0,0.0,196020.04391304348,227455.94499999998,3078.0,3078.0,0.39825945092778786,1284.0
large_value-01,large_value,0,1784490660000000000,0.4,1.0,0.0,0.0,0.0,0.0,189537.8345,199156.40405,3078.0,3078.0,0.0,0.0
large_value-02,large_value,0,1784490670000000000,2.6,1.0,0.0,0.0,0.0,0.0,196613.70838461537,239921.64559999996,3078.0,3078.0,0.49581841327306847,1276.0
large_value-02,large_value,0,1784490675000000000,4.8,1.0,0.0,0.0,0.0,0.0,183344.52629166667,209614.60354999997,3078.0,3078.0,0.3973650996342512,1276.0
large_value-02,large_value,0,1784490680000000000,4.6,1.0,0.0,0.0,0.0,0.0,195672.7031304348,233812.5841,3078.0,3078.0,0.39740180489938165,1276.0
large_value-02,large_value,0,1784490685000000000,4.6,1.0,0.0,0.0,0.0,0.0,199546.30143478262,238951.54549999998,3078.0,3078.0,0.39659806365657707,1276.0
large_value-02,large_value,0,1784490690000000000,4.8,1.0,0.0,0.0,0.0,0.0,185501.8646666667,224597.57354999997,3078.0,3078.0,0.19915000904131083,1276.0
large_value-02,large_value,0,1784490695000000000,4.6,1.0,0.0,0.0,0.0,0.0,192290.17769565218,220063.85499999998,3078.0,3078.0,0.3976877986654503,1276.0
large_value-02,large_value,0,1784490700000000000,4.8,1.0,0.0,0.0,0.0,0.0,188063.2365,208876.12095,3078.0,3078.0,0.3977645662990607,1276.0
large_value-02,large_value,0,1784490705000000000,5.2,1.0,0.0,0.0,0.0,0.0,176998.39549999998,201654.95625000002,3078.0,3078.0,0.3979533547457056,1276.0
large_value-02,large_value,0,1784490710000000000,4.6,1.0,0.0,0.0,0.0,0.0,193095.68321739128,236608.3947,3078.0,3078.0,0.3946489117930282,1276.0
large_value-02,large_value,0,1784490715000000000,4.4,1.0,0.0,0.0,0.0,0.0,203579.2389090909,257413.4527,3078.0,3078.0,0.3973080749455181,1276.0
large_value-02,large_value,0,1784490720000000000,2.2,1.0,0.0,0.0,0.0,0.0,180718.531,197115.625,3078.0,3078.0,0.4967241958225267,1276.0
large_value-03,large_value,0,1784490730000000000,1.0,1.0,0.0,0.0,0.0,0.0,237488.86839999998,270291.283,3078.0,3078.0,0.0,1284.0
large_value-03,large_value,0,1784490735000000000,5.0,1.0,0.0,0.0,0.0,0.0,179724.40704,197619.6422,3078.0,3078.0,0.3979842593973634,1284.0
large_value-03,large_value,0,1784490740000000000,4.6,1.0,0.0,0.0,0.0,0.0,195691.88952173913,226511.2387,3078.0,3078.0,0.39752949202794935,1284.0
large_value-03,large_value,0,1784490745000000000,5.0,1.0,0.0,0.0,0.0,0.0,178074.8074,205382.523,3078.0,3078.0,0.3984977601095726,1284.0
large_value-03,large_value,0,1784490750000000000,5.0,1.0,0.0,0.0,0.0,0.0,179315.23896,202212.5828,3078.0,3078.0,0.39783186032581297,1284.0
large_value-03,large_value,0,1784490755000000000,4.4,1.0,0.0,0.0,0.0,0.0,203197.60659090907,235125.18234999996,3078.0,3078.0,0.24863932527068539,1284.0
large_value-03,large_value,0,1784490760000000000,4.4,1.0,0.0,0.0,0.0,0.0,209064.61427272728,241764.70355,3078.0,3078.0,0.3979519818804317,1284.0
large_value-03,large_value,0,1784490765000000000,4.8,1.0,0.0,0.0,0.0,0.0,184019.00829166666,213665.68159999998,3078.0,3078.0,0.3960829411508725,1284.0
large_value-03,large_value,0,1784490770000000000,4.6,1.0,0.0,0.0,0.0,0.0,198409.0371304348,240633.73539999998,3078.0,3078.0,0.19844576817936654,1284.0
large_value-03,large_value,0,1784490775000000000,5.0,1.0,0.0,0.0,0.0,0.0,179707.50292,206595.3616,3078.0,3078.0,0.3978904328578259,1284.0
large_value-03,large_value,0,1784490780000000000,3.6,1.0,0.0,0.0,0.0,0.0,188414.73605555555,209682.45255,3078.0,3078.0,0.49661485432094965,1284.0
large_value-04,large_value,0,1784490795000000000,4.6,1.0,0.0,0.0,0.0,0.0,181367.46052173915,223059.58289999998,3078.0,3078.0,0.2490135507476887,1272.0
large_value-04,large_value,0,1784490800000000000,4.6,1.0,0.0,0.0,0.0,0.0,192391.78243478262,232494.0458,3078.0,3078.0,0.3982935141162252,1272.0
large_value-04,large_value,0,1784490805000000000,4.8,1.0,0.0,0.0,0.0,0.0,187660.83720833334,225568.36899999992,3078.0,3078.0,0.3972980592547167,1272.0
large_value-04,large_value,0,1784490810000000000,5.0,1.0,0.0,0.0,0.0,0.0,185416.26,217535.3812,3078.0,3078.0,0.1980801807416679,1272.0
large_value-04,large_value,0,1784490815000000000,4.8,1.0,0.0,0.0,0.0,0.0,187306.07725,208274.2927,3078.0,3078.0,0.5964894897636718,1272.0
large_value-04,large_value,0,1784490820000000000,4.2,1.0,0.0,0.0,0.0,0.0,213874.57947619047,267609.507,3078.0,3078.0,0.1985592532640788,1272.0
large_value-04,large_value,0,1784490825000000000,4.8,1.0,0.0,0.0,0.0,0.0,189414.086,218414.04109999994,3078.0,3078.0,0.3945459819978206,1272.0
large_value-04,large_value,0,1784490830000000000,4.4,1.0,0.0,0.0,0.0,0.0,197084.23677272725,238869.18695,3078.0,3078.0,0.39739139168679766,1272.0
large_value-04,large_value,0,1784490835000000000,4.6,1.0,0.0,0.0,0.0,0.0,198772.815,234092.5442,3078.0,3078.0,0.39762708671078173,1272.0
large_value-04,large_value,0,1784490840000000000,4.8,1.0,0.0,0.0,0.0,0.0,190783.59920833333,229844.43004999997,3078.0,3078.0,0.19913811906893497,1272.0
large_value-04,large_value,0,1784490845000000000,0.2,1.0,0.0,0.0,0.0,0.0,193340.593,193340.593,3078.0,3078.0,0.0,0.0
large_value-05,large_value,0,1784490855000000000,2.8,1.0,0.0,0.0,0.0,0.0,187791.5957142857,217863.90405,3078.0,3078.0,0.3317149891133612,1280.0
large_value-05,large_value,0,1784490860000000000,4.6,1.0,0.0,0.0,0.0,0.0,203880.9994347826,236824.6286,3078.0,3078.0,0.3960261551530893,1280.0
large_value-05,large_value,0,1784490865000000000,4.8,1.0,0.0,0.0,0.0,0.0,182606.78470833332,218796.19415,3078.0,3078.0,0.3973851326971149,1280.0
large_value-05,large_value,0,1784490870000000000,5.0,1.0,0.0,0.0,0.0,0.0,178288.17408,203030.69839999996,3078.0,3078.0,0.19924824831400617,1280.0
large_value-05,large_value,0,1784490875000000000,5.0,1.0,0.0,0.0,0.0,0.0,182358.60228,202249.927,3078.0,3078.0,0.397198932536019,1280.0
large_value-05,large_value,0,1784490880000000000,4.6,1.0,0.0,0.0,0.0,0.0,192504.13873913043,227594.2901,3078.0,3078.0,0.4962615101002228,1280.0
large_value-05,large_value,0,1784490885000000000,5.2,1.0,0.0,0.0,0.0,0.0,175645.4475769231,202363.401,3078.0,3078.0,0.19818169700091706,1280.0
large_value-05,large_value,0,1784490890000000000,4.6,1.0,0.0,0.0,0.0,0.0,194039.1673478261,229244.1382,3078.0,3078.0,0.39610247337283433,1280.0
large_value-05,large_value,0,1784490895000000000,4.8,1.0,0.0,0.0,0.0,0.0,185500.8317916667,214936.99514999997,3078.0,3078.0,0.1992481891612257,1280.0
large_value-05,large_value,0,1784490900000000000,4.8,1.0,0.0,0.0,0.0,0.0,188465.13704166666,212879.59115,3078.0,3078.0,0.5972309746368567,1280.0
large_value-05,large_value,0,1784490905000000000,1.8,1.0,0.0,0.0,0.0,0.0,174875.05433333333,200289.8784,3078.0,3078.0,0.0,1280.0
large_value-06,large_value,0,1784490915000000000,1.4,1.0,0.0,0.0,0.0,0.0,186104.78057142856,196921.3335,3078.0,3078.0,0.0,1276.0
large_value-06,large_value,0,1784490920000000000,4.8,1.0,0.0,0.0,0.0,0.0,187406.01208333333,217074.51635,3078.0,3078.0,0.3980438002117731,1276.0
large_value-06,large_value,0,1784490925000000000,4.6,1.0,0.0,0.0,0.0,0.0,201744.9239130435,257946.48859999998,3078.0,3078.0,0.39567831701650924,1276.0
large_value-06,large_value,0,1784490930000000000,4.8,1.0,0.0,0.0,0.0,0.0,180269.58274999997,215193.57914999995,3078.0,3078.0,0.395976226588498,1276.0
large_value-06,large_value,0,1784490935000000000,4.8,1.0,0.0,0.0,0.0,0.0,191953.20595833333,256128.21399999995,3078.0,3078.0,0.3976583588644883,1276.0
large_value-06,large_value,0,1784490940000000000,4.0,1.0,0.0,0.0,0.0,0.0,222066.52199999997,279749.13165,3078.0,3078.0,0.1980693438296881,1276.0
large_value-06,large_value,0,1784490945000000000,4.4,1.0,0.0,0.0,0.0,0.0,209043.86477272728,278613.13214999996,3078.0,3078.0,0.39752878341151987,1276.0
large_value-06,large_value,0,1784490950000000000,4.4,1.0,0.0,0.0,0.0,0.0,201797.24195454546,235385.29215,3078.0,3078.0,0.39748453058674754,1276.0
large_value-06,large_value,0,1784490955000000000,4.6,1.0,0.0,0.0,0.0,0.0,198035.23191304348,254959.0108,3078.0,3078.0,0.19856513024434932,1276.0
large_value-06,large_value,0,1784490960000000000,4.4,1.0,0.0,0.0,0.0,0.0,212764.28395454542,259310.43354999996,3078.0,3078.0,0.39610453626585657,1276.0
large_value-06,large_value,0,1784490965000000000,3.2,1.0,0.0,0.0,0.0,0.0,193544.434375,224343.74875,3078.0,3078.0,0.3320582135225543,1276.0
large_value-07,large_value,0,1784490980000000000,4.6,1.0,0.0,0.0,0.0,0.0,184544.52091304347,228487.85369999998,3078.0,3078.0,0.49600524560636994,1268.0
large_value-07,large_value,0,1784490985000000000,5.2,1.0,0.0,0.0,0.0,0.0,174568.80534615385,187695.446,3078.0,3078.0,0.19905874752737687,1268.0
large_value-07,large_value,0,1784490990000000000,5.0,1.0,0.0,0.0,0.0,0.0,175134.8736,195084.35979999998,3078.0,3078.0,0.5967329970487919,1268.0
large_value-07,large_value,0,1784490995000000000,5.0,1.0,0.0,0.0,0.0,0.0,178016.009,208467.78719999996,3078.0,3078.0,0.3975245393664535,1268.0
large_value-07,large_value,0,1784491000000000000,5.0,1.0,0.0,0.0,0.0,0.0,182863.48784000002,228572.7508,3078.0,3078.0,0.3967380402822021,1268.0
large_value-07,large_value,0,1784491005000000000,5.0,1.0,0.0,0.0,0.0,0.0,173553.01132,202018.09679999997,3078.0,3078.0,0.39745928135756814,1268.0
large_value-07,large_value,0,1784491010000000000,4.6,1.0,0.0,0.0,0.0,0.0,198953.44926086956,248941.07650000002,3078.0,3078.0,0.39768094983169144,1268.0
large_value-07,large_value,0,1784491015000000000,5.0,1.0,0.0,0.0,0.0,0.0,180895.5772,204544.37159999998,3078.0,3078.0,0.19893389713162596,1268.0
large_value-07,large_value,0,1784491020000000000,4.8,1.0,0.0,0.0,0.0,0.0,182614.10316666667,213289.98349999997,3078.0,3078.0,0.19863136474581372,1268.0
large_value-07,large_value,0,1784491025000000000,5.0,1.0,0.0,0.0,0.0,0.0,184062.08924,210910.42419999995,3078.0,3078.0,0.5969904248161463,1268.0
large_value-07,large_value,0,1784491030000000000,0.2,1.0,0.0,0.0,0.0,0.0,188574.929,188574.929,3078.0,3078.0,0.0,0.0
large_value-08,large_value,0,1784491040000000000,2.8,1.0,0.0,0.0,0.0,0.0,197516.503,232927.6839,3078.0,3078.0,0.3306154206628417,1284.0
large_value-08,large_value,0,1784491045000000000,5.0,1.0,0.0,0.0,0.0,0.0,179069.33015999998,195724.8954,3078.0,3078.0,0.3969048921843892,1284.0
large_value-08,large_value,0,1784491050000000000,5.0,1.0,0.0,0.0,0.0,0.0,174554.49164000002,199171.7192,3078.0,3078.0,0.19921247642559398,1284.0
large_value-08,large_value,0,1784491055000000000,5.2,1.0,0.0,0.0,0.0,0.0,175844.78326923077,200191.24699999997,3078.0,3078.0,0.3968132169812122,1284.0
large_value-08,large_value,0,1784491060000000000,4.6,1.0,0.0,0.0,0.0,0.0,194893.57726086956,224451.15039999998,3078.0,3078.0,0.4953895997387484,1284.0
large_value-08,large_value,0,1784491065000000000,4.8,1.0,0.0,0.0,0.0,0.0,183926.48970833336,223912.56644999998,3078.0,3078.0,0.3982749765997443,1284.0
large_value-08,large_value,0,1784491070000000000,4.6,1.0,0.0,0.0,0.0,0.0,197499.02291304347,241472.8069,3078.0,3078.0,0.39818035274678126,1284.0
large_value-08,large_value,0,1784491075000000000,4.6,1.0,0.0,0.0,0.0,0.0,200694.67552173912,241346.0183,3078.0,3078.0,0.396821485338128,1284.0
large_value-08,large_value,0,1784491080000000000,3.8,1.0,0.0,0.0,0.0,0.0,232101.69142105264,291534.18429999996,3078.0,3078.0,0.39767515644511925,1284.0
large_value-08,large_value,0,1784491085000000000,4.6,1.0,0.0,0.0,0.0,0.0,201542.0987826087,244803.7009,3078.0,3078.0,0.1981072251294815,1284.0
large_value-08,large_value,0,1784491090000000000,1.6,1.0,0.0,0.0,0.0,0.0,203862.598625,223362.37135000003,3078.0,3078.0,0.4971236386497832,1284.0
large_value-09,large_value,0,1784491100000000000,0.8,1.0,0.0,0.0,0.0,0.0,222648.6255,243591.07909999997,3078.0,3078.0,0.9941932038241061,1280.0
large_value-09,large_value,0,1784491105000000000,4.8,1.0,0.0,0.0,0.0,0.0,186164.45825,215963.588,3078.0,3078.0,0.19833441377327463,1280.0
large_value-09,large_value,0,1784491110000000000,4.8,1.0,0.0,0.0,0.0,0.0,183801.18783333336,202561.76535,3078.0,3078.0,0.497782091879822,1280.0
large_value-09,large_value,0,1784491115000000000,4.6,1.0,0.0,0.0,0.0,0.0,195425.05682608695,226136.3236,3078.0,3078.0,0.19902628163046204,1280.0
large_value-09,large_value,0,1784491120000000000,4.6,1.0,0.0,0.0,0.0,0.0,193980.42734782607,220959.87829999998,3078.0,3078.0,0.3961048428071642,1280.0
large_value-09,large_value,0,1784491125000000000,5.0,1.0,0.0,0.0,0.0,0.0,183307.34420000002,208767.95380000002,3078.0,3078.0,0.5929710556554102,1280.0
large_value-09,large_value,0,1784491130000000000,4.6,1.0,0.0,0.0,0.0,0.0,194342.69413043477,227955.95479999998,3078.0,3078.0,0.3973678162667443,1280.0
large_value-09,large_value,0,1784491135000000000,4.8,1.0,0.0,0.0,0.0,0.0,190904.36112500002,232938.97749999998,3078.0,3078.0,0.19869941555855392,1280.0
large_value-09,large_value,0,1784491140000000000,4.6,1.0,0.0,0.0,0.0,0.0,189930.0595652174,221888.0342,3078.0,3078.0,0.3981289789085364,1280.0
large_value-09,large_value,0,1784491145000000000,4.8,1.0,0.0,0.0,0.0,0.0,187001.04633333333,209819.53295,3078.0,3078.0,0.3978124399680366,1280.0
large_value-09,large_value,0,1784491150000000000,3.8,1.0,0.0,0.0,0.0,0.0,195400.8577894737,228180.18399999983,3078.0,3078.0,0.24893738661829332,1280.0
malformed-00,malformed,1,1784491780000000000,177.6,0.0,0.0,0.0,1.0,1.0,69.00062612612612,124.85994999999994,0.0,0.0,12.907960660354776,1152.0
malformed-00,malformed,1,1784491785000000000,381.8,0.0,0.0,0.0,1.0,1.0,63.25354688318491,200.0506,0.0,0.0,12.339061813352634,1152.0
malformed-00,malformed,1,1784491790000000000,376.4,0.0,0.0,0.0,1.0,1.0,57.52835653560042,126.5762499999999,0.0,0.0,12.510763518133732,1152.0
malformed-00,malformed,1,1784491795000000000,376.8,0.0,0.0,0.0,1.0,1.0,57.67080573248408,109.92144999999998,0.0,0.0,11.692280004771618,1152.0
malformed-00,malformed,1,1784491800000000000,378.0,0.0,0.0,0.0,1.0,1.0,56.78668412698413,130.36584999999994,0.0,0.0,12.73337741139116,1152.0
malformed-00,malformed,1,1784491805000000000,383.4,0.0,0.0,0.0,1.0,1.0,57.637688054251434,168.2501999999998,0.0,0.0,11.947927765371135,1152.0
malformed-00,malformed,1,1784491810000000000,378.8,0.0,0.0,0.0,1.0,1.0,56.87977455121436,107.80464999999997,0.0,0.0,12.545235201871517,1152.0
malformed-00,malformed,1,1784491815000000000,382.6,0.0,0.0,0.0,1.0,1.0,61.50532096184004,197.44259999999971,0.0,0.0,12.34551390958892,1152.0
malformed-00,malformed,1,1784491820000000000,371.4,0.0,0.0,0.0,1.0,1.0,66.14790253096392,126.24759999999961,0.0,0.0,13.54101439777747,1152.0
malformed-00,malformed,1,1784491825000000000,379.4,0.0,0.0,0.0,1.0,1.0,57.94621771217712,174.00819999999953,0.0,0.0,12.147641623507775,1152.0
malformed-00,malformed,1,1784491830000000000,190.4,0.0,0.0,0.0,1.0,1.0,62.14538445378152,163.44634999999963,0.0,0.0,12.441114160136681,1152.0
malformed-01,malformed,1,1784491840000000000,7.8,0.0,0.0,0.0,1.0,1.0,71.83310256410256,362.25890000000004,0.0,0.0,0.0,0.0
malformed-01,malformed,1,1784491845000000000,375.0,0.0,0.0,0.0,1.0,1.0,61.56020853333334,98.22899999999993,0.0,0.0,12.540621508778093,1152.0
malformed-01,malformed,1,1784491850000000000,369.8,0.0,0.0,0.0,1.0,1.0,59.30880421849649,170.54179999999872,0.0,0.0,12.342335226271553,1152.0
malformed-01,malformed,1,1784491855000000000,364.6,0.0,0.0,0.0,1.0,1.0,60.29244596818431,174.8579999999991,0.0,0.0,12.93758207687291,1152.0
malformed-01,malformed,1,1784491860000000000,363.6,0.0,0.0,0.0,1.0,1.0,61.91261276127613,165.84944999999962,0.0,0.0,12.527953947164082,1152.0
malformed-01,malformed,1,1784491865000000000,362.8,0.0,0.0,0.0,1.0,1.0,66.43208875413451,229.79204999999988,0.0,0.0,12.902020345598881,1152.0
malformed-01,malformed,1,1784491870000000000,379.2,0.0,0.0,0.0,1.0,1.0,58.816341244725734,131.1365,0.0,0.0,12.735084390250542,1152.0
malformed-01,malformed,1,1784491875000000000,387.0,0.0,0.0,0.0,1.0,1.0,56.69567286821705,113.51929999999999,0.0,0.0,12.537754698832392,1152.0
malformed-01,malformed,1,1784491880000000000,373.2,0.0,0.0,0.0,1.0,1.0,64.00828885316184,134.3545,0.0,0.0,13.332523278959268,1152.0
malformed-01,malformed,1,1784491885000000000,362.8,0.0,0.0,0.0,1.0,1.0,58.22372767364939,113.95604999999979,0.0,0.0,13.717963946787028,1152.0
malformed-01,malformed,1,1784491890000000000,370.8,0.0,0.0,0.0,1.0,1.0,62.53754530744337,97.78834999999987,0.0,0.0,13.336015027001153,1152.0
malformed-02,malformed,1,1784491905000000000,242.0,0.0,0.0,0.0,1.0,1.0,60.946413223140496,182.67914999999948,0.0,0.0,12.69916658400391,1152.0
malformed-02,malformed,1,1784491910000000000,375.0,0.0,0.0,0.0,1.0,1.0,70.98090826666667,211.05769999999978,0.0,0.0,12.747451689761531,1152.0
malformed-02,malformed,1,1784491915000000000,362.6,0.0,0.0,0.0,1.0,1.0,63.92600110314396,191.39279999999974,0.0,0.0,12.443724868046653,1152.0
malformed-02,malformed,1,1784491920000000000,366.4,0.0,0.0,0.0,1.0,1.0,53.378062772925766,134.07104999999683,0.0,0.0,12.538303628469626,1152.0
malformed-02,malformed,1,1784491925000000000,366.4,0.0,0.0,0.0,1.0,1.0,61.659643013100435,192.41534999999908,0.0,0.0,12.537382848527566,1152.0
malformed-02,malformed,1,1784491930000000000,368.0,0.0,0.0,0.0,1.0,1.0,60.68161141304348,114.36604999999969,0.0,0.0,12.141470796787997,1152.0
malformed-02,malformed,1,1784491935000000000,371.0,0.0,0.0,0.0,1.0,1.0,57.97869164420485,101.3269,0.0,0.0,12.718836245058423,1152.0
malformed-02,malformed,1,1784491940000000000,366.8,0.0,0.0,0.0,1.0,1.0,64.84624863685933,126.12449999999984,0.0,0.0,13.896430908380205,1152.0
malformed-02,malformed,1,1784491945000000000,369.4,0.0,0.0,0.0,1.0,1.0,61.50274390904169,113.57849999999993,0.0,0.0,13.728001974084702,1152.0
malformed-02,malformed,1,1784491950000000000,367.2,0.0,0.0,0.0,1.0,1.0,59.99299019607843,135.5675,0.0,0.0,13.145319661224287,1152.0
malformed-02,malformed,1,1784491955000000000,131.8,0.0,0.0,0.0,1.0,1.0,61.08830197268588,158.89120000000003,0.0,0.0,12.924203954702634,1152.0
malformed-03,malformed,1,1784491965000000000,57.4,0.0,0.0,0.0,1.0,1.0,48.234073170731705,84.49499999999989,0.0,0.0,12.928749712051882,1144.0
malformed-03,malformed,1,1784491970000000000,366.6,0.0,0.0,0.0,1.0,1.0,57.14848281505728,147.27719999999889,0.0,0.0,12.08761423166138,1144.0
malformed-03,malformed,1,1784491975000000000,359.8,0.0,0.0,0.0,1.0,1.0,66.94489105058365,170.02379999999923,0.0,0.0,13.131930262128776,1144.0
malformed-03,malformed,1,1784491980000000000,366.6,0.0,0.0,0.0,1.0,1.0,68.71472940534643,196.50459999999967,0.0,0.0,12.731760047187853,1144.0
malformed-03,malformed,1,1784491985000000000,373.8,0.0,0.0,0.0,1.0,1.0,64.46403103263778,172.1183999999998,0.0,0.0,12.71717297133257,1144.0
malformed-03,malformed,1,1784491990000000000,372.8,0.0,0.0,0.0,1.0,1.0,52.587831545064375,88.59804999999983,0.0,0.0,12.476014182932019,1144.0
malformed-03,malformed,1,1784491995000000000,382.4,0.0,0.0,0.0,1.0,1.0,60.962814330543935,187.43759999999997,0.0,0.0,12.666562576125099,1144.0
malformed-03,malformed,1,1784492000000000000,372.4,0.0,0.0,0.0,1.0,1.0,62.38224489795919,176.44249999999914,0.0,0.0,13.078194789326801,1144.0
malformed-03,malformed,1,1784492005000000000,365.6,0.0,0.0,0.0,1.0,1.0,66.16038949671773,203.85719999999992,0.0,0.0,13.725604038078192,1144.0
malformed-03,malformed,1,1784492010000000000,385.4,0.0,0.0,0.0,1.0,1.0,52.225081473793466,94.26719999999993,0.0,0.0,12.125413721881337,1144.0
malformed-03,malformed,1,1784492015000000000,318.2,0.0,0.0,0.0,1.0,1.0,61.26224890006285,120.257,0.0,0.0,13.191313888105457,1144.0
malformed-04,malformed,1,1784492030000000000,246.6,0.0,0.0,0.0,1.0,1.0,57.40960746147608,165.3773999999999,0.0,0.0,12.699053303526446,1152.0
malformed-04,malformed,1,1784492035000000000,375.2,0.0,0.0,0.0,1.0,1.0,51.377997867803835,90.67399999999999,0.0,0.0,12.949051657793124,1152.0
malformed-04,malformed,1,1784492040000000000,375.0,0.0,0.0,0.0,1.0,1.0,56.57151786666667,75.8868,0.0,0.0,12.348126918151427,1152.0
malformed-04,malformed,1,1784492045000000000,373.2,0.0,0.0,0.0,1.0,1.0,52.18804876741694,107.34675,0.0,0.0,11.945912993664113,1152.0
malformed-04,malformed,1,1784492050000000000,360.6,0.0,0.0,0.0,1.0,1.0,64.7085690515807,147.58289999999954,0.0,0.0,13.52787812984812,1152.0
malformed-04,malformed,1,1784492055000000000,371.4,0.0,0.0,0.0,1.0,1.0,58.17698653742596,168.25499999999934,0.0,0.0,12.437646121029122,1152.0
malformed-04,malformed,1,1784492060000000000,369.8,0.0,0.0,0.0,1.0,1.0,58.400864791779334,182.24759999999992,0.0,0.0,12.340126784635064,1152.0
malformed-04,malformed,1,1784492065000000000,367.2,0.0,0.0,0.0,1.0,1.0,68.25497603485839,168.60975000000002,0.0,0.0,13.137899012934863,1152.0
malformed-04,malformed,1,1784492070000000000,379.0,0.0,0.0,0.0,1.0,1.0,62.30916411609498,142.08269999999948,0.0,0.0,12.343852230153367,1152.0
malformed-04,malformed,1,1784492075000000000,377.4,0.0,0.0,0.0,1.0,1.0,58.47984684684685,186.23509999999965,0.0,0.0,12.550244341592013,1152.0
malformed-04,malformed,1,1784492080000000000,133.0,0.0,0.0,0.0,1.0,1.0,56.21827969924812,152.25759999999948,0.0,0.0,12.936564495150282,1152.0
malformed-05,malformed,1,1784492090000000000,56.2,0.0,0.0,0.0,1.0,1.0,78.73820996441282,228.557,0.0,0.0,13.926329383330279,1152.0
malformed-05,malformed,1,1784492095000000000,352.0,0.0,0.0,0.0,1.0,1.0,69.60399829545455,186.7979499999999,0.0,0.0,14.023289153416552,1152.0
malformed-05,malformed,1,1784492100000000000,362.2,0.0,0.0,0.0,1.0,1.0,69.17676808393153,204.12,0.0,0.0,13.730229733907583,1152.0
malformed-05,malformed,1,1784492105000000000,365.4,0.0,0.0,0.0,1.0,1.0,65.34792391899289,149.677699999999,0.0,0.0,13.51726010158884,1152.0
malformed-05,malformed,1,1784492110000000000,366.2,0.0,0.0,0.0,1.0,1.0,59.79090988530858,187.392,0.0,0.0,12.734861693151576,1152.0
malformed-05,malformed,1,1784492115000000000,374.6,0.0,0.0,0.0,1.0,1.0,61.574478910838224,198.20859999999936,0.0,0.0,12.947560717109203,1152.0
malformed-05,malformed,1,1784492120000000000,375.8,0.0,0.0,0.0,1.0,1.0,61.47530920702501,181.16179999999983,0.0,0.0,12.14939822448353,1152.0
malformed-05,malformed,1,1784492125000000000,362.4,0.0,0.0,0.0,1.0,1.0,65.96436644591611,167.16804999999982,0.0,0.0,12.920558529859969,1152.0
malformed-05,malformed,1,1784492130000000000,369.4,0.0,0.0,0.0,1.0,1.0,59.96525338386573,159.34929999999986,0.0,0.0,13.111604013972618,1152.0
malformed-05,malformed,1,1784492135000000000,378.8,0.0,0.0,0.0,1.0,1.0,52.73380675818374,101.83069999999992,0.0,0.0,11.943065719676724,1152.0
malformed-05,malformed,1,1784492140000000000,311.2,0.0,0.0,0.0,1.0,1.0,54.88546401028278,134.47500000000002,0.0,0.0,11.650061406280255,1152.0
malformed-06,malformed,1,1784492155000000000,263.0,0.0,0.0,0.0,1.0,1.0,63.347603041825096,188.62099999999984,0.0,0.0,12.698182100693483,1144.0
malformed-06,malformed,1,1784492160000000000,382.4,0.0,0.0,0.0,1.0,1.0,62.87578608786611,186.08955,0.0,0.0,12.34509569765236,1144.0
malformed-06,malformed,1,1784492165000000000,371.0,0.0,0.0,0.0,1.0,1.0,64.33119299191374,174.95379999999994,0.0,0.0,12.539468960860813,1144.0
malformed-06,malformed,1,1784492170000000000,373.4,0.0,0.0,0.0,1.0,1.0,53.56395286555972,121.80279999999942,0.0,0.0,12.531240710777961,1144.0
malformed-06,malformed,1,1784492175000000000,370.8,0.0,0.0,0.0,1.0,1.0,61.21423085221143,176.09879999999956,0.0,0.0,12.348179141672954,1144.0
malformed-06,malformed,1,1784492180000000000,369.6,0.0,0.0,0.0,1.0,1.0,55.66164285714286,99.30414999999988,0.0,0.0,12.333489441100701,1144.0
malformed-06,malformed,1,1784492185000000000,371.2,0.0,0.0,0.0,1.0,1.0,56.560594288793105,116.442,0.0,0.0,12.243370289470967,1144.0
malformed-06,malformed,1,1784492190000000000,386.2,0.0,0.0,0.0,1.0,1.0,56.194772656654585,133.0225,0.0,0.0,12.317440260309482,1144.0
malformed-06,malformed,1,1784492195000000000,379.0,0.0,0.0,0.0,1.0,1.0,53.149229023746706,109.88749999999987,0.0,0.0,11.95186311043874,1144.0
malformed-06,malformed,1,1784492200000000000,360.6,0.0,0.0,0.0,1.0,1.0,63.96529395452025,113.33299999999934,0.0,0.0,12.505871296634192,1144.0
malformed-06,malformed,1,1784492205000000000,115.0,0.0,0.0,0.0,1.0,1.0,54.346443478260866,103.1588999999998,0.0,0.0,13.934357596270408,1144.0
malformed-07,malformed,1,1784492215000000000,93.2,0.0,0.0,0.0,1.0,1.0,87.06331974248927,256.94425,0.0,0.0,13.913449054986215,1132.0
malformed-07,malformed,1,1784492220000000000,374.4,0.0,0.0,0.0,1.0,1.0,64.83929113247864,139.68334999999936,0.0,0.0,13.33528427417927,1132.0
malformed-07,malformed,1,1784492225000000000,379.4,0.0,0.0,0.0,1.0,1.0,63.18797258829731,132.9621999999996,0.0,0.0,13.1460987265643,1132.0
malformed-07,malformed,1,1784492230000000000,361.0,0.0,0.0,0.0,1.0,1.0,73.39434238227147,177.69259999999966,0.0,0.0,14.71562695094101,1132.0
malformed-07,malformed,1,1784492235000000000,359.4,0.0,0.0,0.0,1.0,1.0,66.4244162493044,147.2025999999995,0.0,0.0,14.913463314527494,1132.0
malformed-07,malformed,1,1784492240000000000,350.6,0.0,0.0,0.0,1.0,1.0,80.38225328009128,161.39779999999973,0.0,0.0,14.050234212363426,1132.0
malformed-07,malformed,1,1784492245000000000,351.2,0.0,0.0,0.0,1.0,1.0,71.2415318906606,152.4005,0.0,0.0,13.716675977999941,1132.0
malformed-07,malformed,1,1784492250000000000,369.2,0.0,0.0,0.0,1.0,1.0,64.355883531961,193.40525000000002,0.0,0.0,13.527366078997796,1132.0
malformed-07,malformed,1,1784492255000000000,384.6,0.0,0.0,0.0,1.0,1.0,53.54394851794072,115.04949999999998,0.0,0.0,12.549487869304839,1132.0
malformed-07,malformed,1,1784492260000000000,373.2,0.0,0.0,0.0,1.0,1.0,56.57919292604502,127.38325,0.0,0.0,12.548470623466304,1132.0
malformed-07,malformed,1,1784492265000000000,277.0,0.0,0.0,0.0,1.0,1.0,68.67759422382672,194.52479999999989,0.0,0.0,13.148239903791938,1132.0
malformed-08,malformed,1,1784492280000000000,297.2,0.0,0.0,0.0,1.0,1.0,60.08983916554509,126.58275,0.0,0.0,12.418992491710874,1140.0
malformed-08,malformed,1,1784492285000000000,380.2,0.0,0.0,0.0,1.0,1.0,58.08160126249342,153.594,0.0,0.0,12.516656483496806,1140.0
malformed-08,malformed,1,1784492290000000000,369.0,0.0,0.0,0.0,1.0,1.0,72.81861842818428,227.5999999999999,0.0,0.0,13.496891380059605,1140.0
malformed-08,malformed,1,1784492295000000000,378.4,0.0,0.0,0.0,1.0,1.0,61.69174947145877,170.55854999999843,0.0,0.0,12.835766858963163,1140.0
malformed-08,malformed,1,1784492300000000000,382.6,0.0,0.0,0.0,1.0,1.0,56.69764296915839,139.99459999999988,0.0,0.0,12.707259841815297,1140.0
malformed-08,malformed,1,1784492305000000000,377.0,0.0,0.0,0.0,1.0,1.0,59.707197347480104,137.8645999999999,0.0,0.0,12.676680271022729,1140.0
malformed-08,malformed,1,1784492310000000000,374.8,0.0,0.0,0.0,1.0,1.0,65.21208217716115,207.71439999999984,0.0,0.0,13.134694029303798,1140.0
malformed-08,malformed,1,1784492315000000000,379.0,0.0,0.0,0.0,1.0,1.0,56.95711926121372,170.00629999999995,0.0,0.0,12.548157198360315,1140.0
malformed-08,malformed,1,1784492320000000000,383.6,0.0,0.0,0.0,1.0,1.0,57.105955683003124,129.65379999999902,0.0,0.0,12.531071592976096,1140.0
malformed-08,malformed,1,1784492325000000000,375.0,0.0,0.0,0.0,1.0,1.0,57.38446666666667,130.06319999999974,0.0,0.0,12.3114371611367,1140.0
malformed-08,malformed,1,1784492330000000000,85.4,0.0,0.0,0.0,1.0,1.0,48.67367447306791,110.94399999999979,0.0,0.0,12.897918265078394,1140.0
malformed-09,malformed,1,1784492340000000000,116.0,0.0,0.0,0.0,1.0,1.0,60.25503448275862,94.47674999999916,0.0,0.0,12.446761812107544,1144.0
malformed-09,malformed,1,1784492345000000000,379.6,0.0,0.0,0.0,1.0,1.0,59.00430031612223,149.53354999999942,0.0,0.0,12.545553964939774,1144.0
malformed-09,malformed,1,1784492350000000000,378.8,0.0,0.0,0.0,1.0,1.0,62.48922544878563,154.00334999999978,0.0,0.0,12.517089598681117,1144.0
malformed-09,malformed,1,1784492355000000000,369.0,0.0,0.0,0.0,1.0,1.0,60.44147046070461,152.89219999999992,0.0,0.0,13.339052880142692,1144.0
malformed-09,malformed,1,1784492360000000000,363.0,0.0,0.0,0.0,1.0,1.0,70.0358479338843,130.29519999999994,0.0,0.0,14.289268805694991,1144.0
malformed-09,malformed,1,1784492365000000000,366.8,0.0,0.0,0.0,1.0,1.0,69.71351853871319,187.17654999999945,0.0,0.0,14.104813970503638,1144.0
malformed-09,malformed,1,1784492370000000000,363.0,0.0,0.0,0.0,1.0,1.0,66.17169090909091,203.10909999999996,0.0,0.0,13.886127771080004,1144.0
malformed-09,malformed,1,1784492375000000000,371.8,0.0,0.0,0.0,1.0,1.0,63.25491016675632,151.80939999999913,0.0,0.0,12.741990535663135,1144.0
malformed-09,malformed,1,1784492380000000000,363.6,0.0,0.0,0.0,1.0,1.0,74.63408965896589,146.97184999999993,0.0,0.0,13.324557529038254,1144.0
malformed-09,malformed,1,1784492385000000000,371.4,0.0,0.0,0.0,1.0,1.0,64.65767366720517,184.94839999999945,0.0,0.0,12.945892840641742,1144.0
malformed-09,malformed,1,1784492390000000000,262.4,0.0,0.0,0.0,1.0,1.0,62.715634908536586,105.27190000000004,0.0,0.0,12.282949411604553,1144.0
replay-00,replay,1,1784493020000000000,1.0,1.0,0.0,0.0,0.0,0.0,283325.00920000003,321561.79520000005,140.0,140.0,0.9943986597447133,1280.0
replay-00,replay,1,1784493025000000000,4.2,1.0,0.0,0.0,0.0,0.0,232040.9174285714,286302.715,140.0,140.0,0.3974970132971162,1280.0
replay-00,replay,1,1784493030000000000,4.2,1.0,0.0,0.0,0.0,0.0,233524.0914761905,275027.207,140.0,140.0,0.19905553285294028,1280.0
replay-00,replay,1,1784493035000000000,4.2,1.0,0.0,0.0,0.0,0.0,233458.60704761904,273967.301,140.0,140.0,0.39653378931946165,1280.0
replay-00,replay,1,1784493040000000000,4.8,1.0,0.0,0.0,0.0,0.0,205978.62008333334,238799.33885,140.0,140.0,0.19928441986792808,1280.0
replay-00,replay,1,1784493045000000000,4.6,1.0,0.0,0.0,0.0,0.0,212590.35282608698,242562.041,140.0,140.0,0.19886180412328652,1280.0
replay-00,replay,1,1784493050000000000,4.6,1.0,0.0,0.0,0.0,0.0,213244.97043478262,239604.0147,140.0,140.0,0.39717970953822374,1280.0
replay-00,replay,1,1784493055000000000,4.6,1.0,0.0,0.0,0.0,0.0,223187.49147826084,245378.70539999998,140.0,140.0,0.3977725231960353,1280.0
replay-00,replay,1,1784493060000000000,4.2,1.0,0.0,0.0,0.0,0.0,226880.49514285714,283574.367,140.0,140.0,0.39767800810517684,1280.0
replay-00,replay,1,1784493065000000000,4.8,1.0,0.0,0.0,0.0,0.0,211368.418875,243077.7768,140.0,140.0,0.39663521379322714,1280.0
replay-00,replay,1,1784493070000000000,2.8,1.0,0.0,0.0,0.0,0.0,221281.01064285715,256642.66645000002,140.0,140.0,0.0,1280.0
replay-01,replay,1,1784493085000000000,4.0,1.0,0.0,0.0,0.0,0.0,254171.0435,302425.0058,140.0,140.0,0.19907588734204756,1284.0
replay-01,replay,1,1784493090000000000,4.6,1.0,0.0,0.0,0.0,0.0,214590.2053478261,255394.0762,140.0,140.0,0.39668369855012076,1284.0
replay-01,replay,1,1784493095000000000,2.8,1.0,0.0,0.0,0.0,0.0,335619.1932142857,374271.7613,140.0,140.0,0.19544168504520468,1284.0
replay-01,replay,1,1784493100000000000,3.8,1.0,0.0,0.0,0.0,0.0,272105.13784210524,373809.8126999999,140.0,140.0,0.2462903731678933,1284.0
replay-01,replay,1,1784493105000000000,4.4,1.0,0.0,0.0,0.0,0.0,219719.138,249354.29295000003,140.0,140.0,0.39657605541329,1284.0
replay-01,replay,1,1784493110000000000,4.4,1.0,0.0,0.0,0.0,0.0,224169.3674090909,293827.6597,140.0,140.0,0.19906952534924413,1284.0
replay-01,replay,1,1784493115000000000,4.4,1.0,0.0,0.0,0.0,0.0,225988.31613636363,253983.2616,140.0,140.0,0.1990618697797623,1284.0
replay-01,replay,1,1784493120000000000,4.4,1.0,0.0,0.0,0.0,0.0,219033.58563636363,249406.15025,140.0,140.0,0.5952158253388133,1284.0
replay-01,replay,1,1784493125000000000,4.6,1.0,0.0,0.0,0.0,0.0,213955.779,244483.8729,140.0,140.0,0.1984238056182857,1284.0
replay-01,replay,1,1784493130000000000,4.4,1.0,0.0,0.0,0.0,0.0,222562.4876818182,254638.66960000002,140.0,140.0,0.19873689289822905,1284.0
replay-02,replay,1,1784493145000000000,2.8,1.0,0.0,0.0,0.0,0.0,236724.65792857143,267933.16855,140.0,140.0,0.33122346931270025,1268.0
replay-02,replay,1,1784493150000000000,4.4,1.0,0.0,0.0,0.0,0.0,227406.27381818183,272486.6725,140.0,140.0,0.19902072231723175,1268.0
replay-02,replay,1,1784493155000000000,4.4,1.0,0.0,0.0,0.0,0.0,222743.16981818184,244796.84595,140.0,140.0,0.39674816966090853,1268.0
replay-02,replay,1,1784493160000000000,4.6,1.0,0.0,0.0,0.0,0.0,214402.1013478261,245589.81809999997,140.0,140.0,0.19885208062859291,1268.0
replay-02,replay,1,1784493165000000000,4.8,1.0,0.0,0.0,0.0,0.0,203817.55495833335,235527.95974999998,140.0,140.0,0.39815006907279765,1268.0
replay-02,replay,1,1784493170000000000,4.6,1.0,0.0,0.0,0.0,0.0,211471.95960869567,241135.1251,140.0,140.0,0.19897504610968128,1268.0
replay-02,replay,1,1784493175000000000,4.4,1.0,0.0,0.0,0.0,0.0,222935.461,260370.18154999998,140.0,140.0,0.5964818761374584,1268.0
replay-02,replay,1,1784493180000000000,4.4,1.0,0.0,0.0,0.0,0.0,229470.656,266016.35745,140.0,140.0,0.0,1268.0
replay-02,replay,1,1784493185000000000,4.6,1.0,0.0,0.0,0.0,0.0,211911.71673913044,232265.4385,140.0,140.0,0.5953591920762186,1268.0
replay-02,replay,1,1784493190000000000,4.6,1.0,0.0,0.0,0.0,0.0,213778.5701304348,250097.4582,140.0,140.0,0.19901383232904718,1268.0
replay-02,replay,1,1784493195000000000,1.8,1.0,0.0,0.0,0.0,0.0,195950.63311111112,213609.099,140.0,140.0,0.0,1268.0
replay-03,replay,1,1784493205000000000,1.2,1.0,0.0,0.0,0.0,0.0,225732.5665,271408.892,140.0,140.0,0.9915231512921946,1284.0
replay-03,replay,1,1784493210000000000,4.6,1.0,0.0,0.0,0.0,0.0,210503.68752173914,262047.9227,140.0,140.0,0.1990008283827383,1284.0
replay-03,replay,1,1784493215000000000,4.8,1.0,0.0,0.0,0.0,0.0,206738.828,228822.0463,140.0,140.0,0.3971632535887486,1284.0
replay-03,replay,1,1784493220000000000,4.6,1.0,0.0,0.0,0.0,0.0,220057.64352173914,250216.64329999997,140.0,140.0,0.39768274066011966,1284.0
replay-03,replay,1,1784493225000000000,4.4,1.0,0.0,0.0,0.0,0.0,222246.5480909091,244924.15595,140.0,140.0,0.19904751147855249,1284.0
replay-03,replay,1,1784493230000000000,4.4,1.0,0.0,0.0,0.0,0.0,219616.31959090912,240134.2898,140.0,140.0,0.3974464419649591,1284.0
replay-03,replay,1,1784493235000000000,4.8,1.0,0.0,0.0,0.0,0.0,206369.97416666665,250240.13869999995,140.0,140.0,0.1977654476141118,1284.0
replay-03,replay,1,1784493240000000000,4.6,1.0,0.0,0.0,0.0,0.0,218819.58247826085,239696.3903,140.0,140.0,0.3962106007428421,1284.0
replay-03,replay,1,1784493245000000000,4.8,1.0,0.0,0.0,0.0,0.0,204892.21929166667,233289.91109999997,140.0,140.0,0.19837954383782433,1284.0
replay-03,replay,1,1784493250000000000,4.4,1.0,0.0,0.0,0.0,0.0,223350.41109090907,262334.2747,140.0,140.0,0.5947095515562398,1284.0
replay-03,replay,1,1784493255000000000,2.8,1.0,0.0,0.0,0.0,0.0,248599.81621428573,293518.66225,140.0,140.0,0.3308868906656033,1284.0
replay-04,replay,1,1784493270000000000,3.8,1.0,0.0,0.0,0.0,0.0,227135.3245263158,252123.60959999997,140.0,140.0,0.24869561487735609,1264.0
replay-04,replay,1,1784493275000000000,4.6,1.0,0.0,0.0,0.0,0.0,216178.55795652172,237715.3054,140.0,140.0,0.19859708990004293,1264.0
replay-04,replay,1,1784493280000000000,4.2,1.0,0.0,0.0,0.0,0.0,232374.5308095238,281526.078,140.0,140.0,0.5959970722290783,1264.0
replay-04,replay,1,1784493285000000000,4.4,1.0,0.0,0.0,0.0,0.0,231605.2842272727,270288.90975,140.0,140.0,0.19787694462206923,1264.0
replay-04,replay,1,1784493290000000000,4.4,1.0,0.0,0.0,0.0,0.0,213967.94454545455,259057.65015000003,140.0,140.0,0.39760423172569453,1264.0
replay-04,replay,1,1784493295000000000,4.8,1.0,0.0,0.0,0.0,0.0,207789.551375,239319.5917,140.0,140.0,0.19856142919655953,1264.0
replay-04,replay,1,1784493300000000000,4.6,1.0,0.0,0.0,0.0,0.0,212502.44656521737,241673.61370000002,140.0,140.0,0.5969162751040373,1264.0
replay-04,replay,1,1784493305000000000,4.8,1.0,0.0,0.0,0.0,0.0,210001.46804166667,236865.54004999998,140.0,140.0,0.1991787586904294,1264.0
replay-04,replay,1,1784493310000000000,4.6,1.0,0.0,0.0,0.0,0.0,214562.19778260868,241662.0768,140.0,140.0,0.19888975443058152,1264.0
replay-04,replay,1,1784493315000000000,4.6,1.0,0.0,0.0,0.0,0.0,215552.54073913043,249178.1027,140.0,140.0,0.3977965267881428,1264.0
replay-04,replay,1,1784493320000000000,0.6,1.0,0.0,0.0,0.0,0.0,212196.50633333332,231210.6921,140.0,140.0,0.0,0.0
replay-05,replay,1,1784493330000000000,2.4,1.0,0.0,0.0,0.0,0.0,213680.45608333335,226466.4708,140.0,140.0,0.4956226822775229,1280.0
replay-05,replay,1,1784493335000000000,4.4,1.0,0.0,0.0,0.0,0.0,219438.10745454545,239450.38975,140.0,140.0,0.39811280573292107,1280.0
replay-05,replay,1,1784493340000000000,4.6,1.0,0.0,0.0,0.0,0.0,211024.09960869566,256592.1537999999,140.0,140.0,0.1991161294747455,1280.0
replay-05,replay,1,1784493345000000000,4.4,1.0,0.0,0.0,0.0,0.0,225988.83527272727,294032.2602,140.0,140.0,0.39743293299384086,1280.0
replay-05,replay,1,1784493350000000000,4.6,1.0,0.0,0.0,0.0,0.0,211530.81347826085,242555.6906,140.0,140.0,0.1990289760385005,1280.0
replay-05,replay,1,1784493355000000000,4.6,1.0,0.0,0.0,0.0,0.0,221168.95552173912,255353.39489999998,140.0,140.0,0.3975407622591446,1280.0
replay-05,replay,1,1784493360000000000,4.4,1.0,0.0,0.0,0.0,0.0,222069.5575909091,240858.30865000002,140.0,140.0,0.39758568208949346,1280.0
replay-05,replay,1,1784493365000000000,4.6,1.0,0.0,0.0,0.0,0.0,208433.4711304348,232660.54489999998,140.0,140.0,0.395648400777675,1280.0
replay-05,replay,1,1784493370000000000,4.4,1.0,0.0,0.0,0.0,0.0,233787.75263636364,263300.4205,140.0,140.0,0.19814001234862053,1280.0
replay-05,replay,1,1784493375000000000,4.0,1.0,0.0,0.0,0.0,0.0,240690.53360000002,301401.3643,140.0,140.0,0.39610155824940463,1280.0
replay-05,replay,1,1784493380000000000,1.8,1.0,0.0,0.0,0.0,0.0,260187.6291111111,301419.5528,140.0,140.0,0.4951424015088582,1280.0
replay-06,replay,1,1784493390000000000,0.2,1.0,0.0,0.0,0.0,0.0,242685.304,242685.304,140.0,140.0,0.0,0.0
replay-06,replay,1,1784493395000000000,4.4,1.0,0.0,0.0,0.0,0.0,232572.6810909091,279074.15489999996,140.0,140.0,0.19890706416111156,1280.0
replay-06,replay,1,1784493400000000000,4.4,1.0,0.0,0.0,0.0,0.0,223130.4903181818,260037.39115,140.0,140.0,0.3967392650458278,1280.0
replay-06,replay,1,1784493405000000000,4.6,1.0,0.0,0.0,0.0,0.0,217539.65260869564,251818.93149999998,140.0,140.0,0.19888898682735073,1280.0
replay-06,replay,1,1784493410000000000,4.4,1.0,0.0,0.0,0.0,0.0,223834.50554545454,255804.0482,140.0,140.0,0.39693096862421506,1280.0
replay-06,replay,1,1784493415000000000,4.4,1.0,0.0,0.0,0.0,0.0,225507.17131818182,278698.29704999994,140.0,140.0,0.19776296760577824,1280.0
replay-06,replay,1,1784493420000000000,4.6,1.0,0.0,0.0,0.0,0.0,208198.4220434783,230644.2744,140.0,140.0,0.3982353460434062,1280.0
replay-06,replay,1,1784493425000000000,5.0,1.0,0.0,0.0,0.0,0.0,201111.71008000002,212374.0376,140.0,140.0,0.19881811280525183,1280.0
replay-06,replay,1,1784493430000000000,4.4,1.0,0.0,0.0,0.0,0.0,216161.09645454548,242589.86535,140.0,140.0,0.39776827724921954,1280.0
replay-06,replay,1,1784493435000000000,4.6,1.0,0.0,0.0,0.0,0.0,217572.1786956522,255186.5843,140.0,140.0,0.3976032375212476,1280.0
replay-06,replay,1,1784493440000000000,4.2,1.0,0.0,0.0,0.0,0.0,213905.66757142858,241525.539,140.0,140.0,0.2488486965285368,1280.0
replay-07,replay,1,1784493455000000000,3.4,1.0,0.0,0.0,0.0,0.0,217097.1967647059,286066.2782,140.0,140.0,0.3319466177072492,1280.0
replay-07,replay,1,1784493460000000000,3.4,1.0,0.0,0.0,0.0,0.0,297700.8780588235,344247.2334,140.0,140.0,0.198720521231527,1280.0
replay-07,replay,1,1784493465000000000,3.6,1.0,0.0,0.0,0.0,0.0,272678.0633888889,348187.7334999999,140.0,140.0,0.19782195925942603,1280.0
replay-07,replay,1,1784493470000000000,4.2,1.0,0.0,0.0,0.0,0.0,242496.52966666664,368514.201,140.0,140.0,0.1988643588288127,1280.0
replay-07,replay,1,1784493475000000000,4.4,1.0,0.0,0.0,0.0,0.0,220389.93663636362,242131.7861,140.0,140.0,0.3975079154737343,1280.0
replay-07,replay,1,1784493480000000000,4.4,1.0,0.0,0.0,0.0,0.0,227647.94395454545,264290.85225,140.0,140.0,0.19891827684082783,1280.0
replay-07,replay,1,1784493485000000000,4.8,1.0,0.0,0.0,0.0,0.0,204271.45895833333,219303.2531,140.0,140.0,0.3976702488001969,1280.0
replay-07,replay,1,1784493490000000000,4.4,1.0,0.0,0.0,0.0,0.0,224056.02209090907,249678.9866,140.0,140.0,0.19710226478741116,1280.0
replay-07,replay,1,1784493495000000000,3.8,1.0,0.0,0.0,0.0,0.0,250844.05000000002,298282.21150000003,140.0,140.0,0.3954745510964663,1280.0
replay-07,replay,1,1784493500000000000,4.2,1.0,0.0,0.0,0.0,0.0,233748.18114285712,318038.758,140.0,140.0,0.3976532759574834,1280.0
replay-07,replay,1,1784493505000000000,1.0,1.0,0.0,0.0,0.0,0.0,233648.7876,253256.75879999998,140.0,140.0,0.0,1280.0
replay-08,replay,1,1784493515000000000,1.8,1.0,0.0,0.0,0.0,0.0,240854.15466666667,270717.9254,140.0,140.0,0.0,1280.0
replay-08,replay,1,1784493520000000000,3.8,1.0,0.0,0.0,0.0,0.0,250709.4645263158,337115.4171,140.0,140.0,0.39818438868828826,1280.0
replay-08,replay,1,1784493525000000000,4.4,1.0,0.0,0.0,0.0,0.0,229068.26718181817,275350.99809999997,140.0,140.0,0.39804255186430465,1280.0
replay-08,replay,1,1784493530000000000,4.2,1.0,0.0,0.0,0.0,0.0,231341.35942857145,273811.077,140.0,140.0,0.198510606876811,1280.0
replay-08,replay,1,1784493535000000000,4.4,1.0,0.0,0.0,0.0,0.0,222487.18240909092,279462.61699999997,140.0,140.0,0.19923666694875924,1280.0
replay-08,replay,1,1784493540000000000,4.6,1.0,0.0,0.0,0.0,0.0,217822.349,253532.8574,140.0,140.0,0.497867362803171,1280.0
replay-08,replay,1,1784493545000000000,4.6,1.0,0.0,0.0,0.0,0.0,212619.13139130434,229299.93300000002,140.0,140.0,0.3972143342848033,1280.0
replay-08,replay,1,1784493550000000000,5.0,1.0,0.0,0.0,0.0,0.0,196115.06328,216541.70119999998,140.0,140.0,0.39705836418886037,1280.0
replay-08,replay,1,1784493555000000000,4.6,1.0,0.0,0.0,0.0,0.0,218276.0625652174,244311.14750000002,140.0,140.0,0.19688955476192505,1280.0
replay-08,replay,1,1784493560000000000,4.6,1.0,0.0,0.0,0.0,0.0,211263.4981304348,250059.5624,140.0,140.0,0.19891237458567324,1280.0
replay-08,replay,1,1784493565000000000,2.8,1.0,0.0,0.0,0.0,0.0,214231.7145,234568.01345,140.0,140.0,0.3317209651028191,1280.0
replay-09,replay,1,1784493580000000000,4.6,1.0,0.0,0.0,0.0,0.0,213963.90734782608,243917.50069999998,140.0,140.0,0.39741163169002836,1280.0
replay-09,replay,1,1784493585000000000,4.4,1.0,0.0,0.0,0.0,0.0,222183.0470909091,263092.0526,140.0,140.0,0.39707466435280925,1280.0
replay-09,replay,1,1784493590000000000,4.6,1.0,0.0,0.0,0.0,0.0,220999.3034782609,241580.2328,140.0,140.0,0.3981835083471359,1280.0
replay-09,replay,1,1784493595000000000,4.4,1.0,0.0,0.0,0.0,0.0,225073.97113636366,261059.2774,140.0,140.0,0.19858779078548658,1280.0
replay-09,replay,1,1784493600000000000,4.6,1.0,0.0,0.0,0.0,0.0,213816.3436521739,228187.829,140.0,140.0,0.39837290125864233,1280.0
replay-09,replay,1,1784493605000000000,4.8,1.0,0.0,0.0,0.0,0.0,203646.91770833335,219805.1734,140.0,140.0,0.3965679142264422,1280.0
replay-09,replay,1,1784493610000000000,5.0,1.0,0.0,0.0,0.0,0.0,198588.14351999998,221775.19399999996,140.0,140.0,0.2487340555873852,1280.0
replay-09,replay,1,1784493615000000000,3.8,1.0,0.0,0.0,0.0,0.0,250840.93647368418,292526.05199999997,140.0,140.0,0.19795210745524514,1280.0
replay-09,replay,1,1784493620000000000,4.2,1.0,0.0,0.0,0.0,0.0,235945.25547619048,276247.026,140.0,140.0,0.39775560826986955,1280.0
replay-09,replay,1,1784493625000000000,4.0,1.0,0.0,0.0,0.0,0.0,242130.5881,275836.1531,140.0,140.0,0.3972122107740904,1280.0
steady-00,steady,0,1784489310000000000,0.2,0.0,1.0,0.0,0.0,1.0,154016.96,154016.96,6.0,6.0,0.0,0.0
steady-00,steady,0,1784489315000000000,4.6,0.2608695652173913,0.4782608695652174,0.2608695652173913,0.0,0.5217391304347826,213717.9086521739,328560.03250000003,22.695652173913043,70.0,0.19818418104172503,1276.0
steady-00,steady,0,1784489320000000000,5.2,0.23076923076923078,0.5,0.2692307692307692,0.0,0.5769230769230769,180451.09880769232,287849.2965,20.76923076923077,70.0,0.3970939930274282,1276.0
steady-00,steady,0,1784489325000000000,5.6,0.25,0.5,0.25,0.0,0.35714285714285715,171386.3167142857,301417.50714999996,22.0,70.0,0.39715608750226317,1276.0
steady-00,steady,0,1784489330000000000,4.2,0.2857142857142857,0.47619047619047616,0.23809523809523808,0.0,0.38095238095238093,223580.7464285714,377990.495,24.285714285714285,70.0,0.39602521958112386,1276.0
steady-00,steady,0,1784489335000000000,4.4,0.22727272727272727,0.5454545454545454,0.22727272727272727,0.0,0.36363636363636365,207436.29336363636,311280.08405,20.545454545454547,70.0,0.19895657997562446,1276.0
steady-00,steady,0,1784489340000000000,4.6,0.2608695652173913,0.4782608695652174,0.2608695652173913,0.0,0.34782608695652173,215539.53352173913,389873.1125,22.695652173913043,70.0,0.5947518586403568,1276.0
steady-00,steady,0,1784489345000000000,4.8,0.25,0.5,0.25,0.0,0.2916666666666667,197775.00995833334,317785.6461499999,22.0,70.0,0.19825378128916638,1276.0
steady-00,steady,0,1784489350000000000,4.4,0.22727272727272727,0.5,0.2727272727272727,0.0,0.4090909090909091,216575.9582727273,349088.8674,20.545454545454547,70.0,0.19697939387726787,1276.0
steady-00,steady,0,1784489355000000000,4.6,0.2608695652173913,0.5217391304347826,0.21739130434782608,0.0,0.34782608695652173,201692.462,346303.2153,22.695652173913043,70.0,0.39795707531235625,1276.0
steady-00,steady,0,1784489360000000000,4.6,0.2608695652173913,0.4782608695652174,0.2608695652173913,0.0,0.43478260869565216,186875.21269565218,311293.2473999999,22.695652173913043,70.0,0.4970265155787112,1276.0
steady-01,steady,0,1784489375000000000,2.8,0.2857142857142857,0.5,0.21428571428571427,0.0,0.14285714285714285,237682.49085714287,366615.69964999997,24.285714285714285,70.0,0.3308383483513994,1268.0
steady-01,steady,0,1784489380000000000,4.6,0.2608695652173913,0.4782608695652174,0.2608695652173913,0.0,0.391304347826087,206029.66091304348,340488.82379999995,22.695652173913043,70.0,0.3973864430928201,1268.0
steady-01,steady,0,1784489385000000000,4.6,0.21739130434782608,0.5217391304347826,0.2608695652173913,0.0,0.34782608695652173,195901.53930434783,341493.48380000005,19.91304347826087,70.0,0.39717103814457005,1268.0
steady-01,steady,0,1784489390000000000,4.4,0.2727272727272727,0.5,0.22727272727272727,0.0,0.4090909090909091,224163.20045454547,359790.23629999993,23.454545454545453,70.0,0.1988977745674086,1268.0
steady-01,steady,0,1784489395000000000,4.4,0.22727272727272727,0.5,0.2727272727272727,0.0,0.45454545454545453,216631.8372272727,372328.85545,20.545454545454547,70.0,0.3950707159033673,1268.0
steady-01,steady,0,1784489400000000000,5.0,0.28,0.48,0.24,0.0,0.32,191450.16599999997,332925.17279999994,23.92,70.0,0.19772630371110228,1268.0
steady-01,steady,0,1784489405000000000,5.0,0.24,0.52,0.24,0.0,0.4,191028.1206,303009.12059999997,21.36,70.0,0.5967274599232264,1268.0
steady-01,steady,0,1784489410000000000,4.4,0.22727272727272727,0.5,0.2727272727272727,0.0,0.4090909090909091,205981.28386363637,329719.6863,20.545454545454547,70.0,0.19792069054893108,1268.0
steady-01,steady,0,1784489415000000000,4.8,0.25,0.5,0.25,0.0,0.375,205238.77533333332,301374.74655,22.0,70.0,0.5958002063283523,1268.0
steady-01,steady,0,1784489420000000000,4.2,0.2857142857142857,0.47619047619047616,0.23809523809523808,0.0,0.2857142857142857,221040.45766666665,392570.256,24.285714285714285,70.0,0.19711360652271945,1268.0
steady-01,steady,0,1784489425000000000,0.8,0.25,0.5,0.25,0.0,0.0,330673.27625,442882.99405000004,22.0,70.0,0.9925944789044352,1268.0
steady-02,steady,0,1784489435000000000,1.6,0.25,0.5,0.25,0.0,0.5,200241.316125,313499.08885,22.0,70.0,0.9939010129037047,1268.0
steady-02,steady,0,1784489440000000000,4.4,0.2727272727272727,0.5,0.22727272727272727,0.0,0.5909090909090909,212225.17549999998,341380.09885,23.454545454545453,70.0,0.3956071354389099,1268.0
steady-02,steady,0,1784489445000000000,5.0,0.24,0.52,0.24,0.0,0.48,186227.41292,324710.3746,21.36,70.0,0.19890363837160838,1268.0
steady-02,steady,0,1784489450000000000,4.2,0.23809523809523808,0.47619047619047616,0.2857142857142857,0.0,0.2857142857142857,225432.95557142855,399264.792,21.238095238095237,70.0,0.39713087527930224,1268.0
steady-02,steady,0,1784489455000000000,4.0,0.25,0.5,0.25,0.0,0.25,242659.71595,389990.43620000005,22.0,70.0,0.39744541273025574,1268.0
steady-02,steady,0,1784489460000000000,4.6,0.2608695652173913,0.5217391304347826,0.21739130434782608,0.0,0.34782608695652173,208070.30299999999,355273.92630000005,22.695652173913043,70.0,0.19777209028316492,1268.0
steady-02,steady,0,1784489465000000000,4.8,0.25,0.5,0.25,0.0,0.375,199203.63558333332,321318.40515,22.0,70.0,0.39774977141787027,1268.0
steady-02,steady,0,1784489470000000000,4.6,0.2608695652173913,0.4782608695652174,0.2608695652173913,0.0,0.5652173913043478,204092.43386956523,333325.02229999995,22.695652173913043,70.0,0.39589897082307635,1268.0
steady-02,steady,0,1784489475000000000,4.6,0.2608695652173913,0.4782608695652174,0.2608695652173913,0.0,0.34782608695652173,205140.59560869564,323839.8239,22.695652173913043,70.0,0.39621846246668474,1268.0
steady-02,steady,0,1784489480000000000,4.8,0.25,0.5,0.25,0.0,0.375,199307.3832083333,335867.67104999995,22.0,70.0,0.199135858901411,1268.0
steady-02,steady,0,1784489485000000000,3.2,0.25,0.5,0.25,0.0,0.3125,191113.16125,327538.07975,22.0,70.0,0.3317486113537244,1268.0
steady-03,steady,0,1784489495000000000,0.2,0.0,1.0,0.0,0.0,1.0,170811.536,170811.536,6.0,6.0,0.0,0.0
steady-03,steady,0,1784489500000000000,4.4,0.22727272727272727,0.5,0.2727272727272727,0.0,0.2727272727272727,212930.20368181818,352020.68549999996,20.545454545454547,70.0,0.19856314052466845,1284.0
steady-03,steady,0,1784489505000000000,4.6,0.2608695652173913,0.5217391304347826,0.21739130434782608,0.0,0.4782608695652174,205142.16147826085,351551.43439999997,22.695652173913043,70.0,0.39671360798767397,1284.0
steady-03,steady,0,1784489510000000000,4.6,0.2608695652173913,0.4782608695652174,0.2608695652173913,0.0,0.30434782608695654,210562.52769565218,358264.4211,22.695652173913043,70.0,0.19823270979862204,1284.0
steady-03,steady,0,1784489515000000000,4.2,0.23809523809523808,0.5238095238095238,0.23809523809523808,0.0,0.14285714285714285,214069.47819047622,349673.368,21.238095238095237,70.0,0.3966293235450496,1284.0
steady-03,steady,0,1784489520000000000,4.6,0.2608695652173913,0.4782608695652174,0.2608695652173913,0.0,0.2608695652173913,211797.25986956523,351435.23339999997,22.695652173913043,70.0,0.39694408703352624,1284.0
steady-03,steady,0,1784489525000000000,5.0,0.24,0.52,0.24,0.0,0.36,186823.51636,306362.6715999999,21.36,70.0,0.39786083595298327,1284.0
steady-03,steady,0,1784489530000000000,4.6,0.2608695652173913,0.4782608695652174,0.2608695652173913,0.0,0.43478260869565216,214013.7800869565,344316.1137,22.695652173913043,70.0,0.3975507539564064,1284.0
steady-03,steady,0,1784489535000000000,5.6,0.25,0.5,0.25,0.0,0.32142857142857145,167151.67517857143,271454.61779999995,22.0,70.0,0.248896108176923,1284.0
steady-03,steady,0,1784489540000000000,4.8,0.25,0.5,0.25,0.0,0.4583333333333333,195271.85204166666,315976.26975,22.0,70.0,0.39450092188053204,1284.0
steady-03,steady,0,1784489545000000000,5.2,0.23076923076923078,0.5,0.2692307692307692,0.0,0.5,172088.0694230769,274534.6135,20.76923076923077,70.0,0.39800969714851125,1284.0
steady-04,steady,0,1784489560000000000,3.2,0.25,0.5,0.25,0.0,0.25,203660.415625,297211.68675,22.0,70.0,0.0,1284.0
steady-04,steady,0,1784489565000000000,4.6,0.2608695652173913,0.4782608695652174,0.2608695652173913,0.0,0.17391304347826086,202107.56713043476,317092.7445,22.695652173913043,70.0,0.3981458663374095,1284.0
steady-04,steady,0,1784489570000000000,4.6,0.2608695652173913,0.4782608695652174,0.2608695652173913,0.0,0.34782608695652173,205763.4166521739,312998.8336,22.695652173913043,70.0,0.19864208035498834,1284.0
steady-04,steady,0,1784489575000000000,4.8,0.25,0.5,0.25,0.0,0.5416666666666666,201780.23479166665,326707.65775,22.0,70.0,0.5963309458296099,1284.0
steady-04,steady,0,1784489580000000000,5.8,0.2413793103448276,0.5172413793103449,0.2413793103448276,0.0,0.4827586206896552,161379.98375862068,196472.17619999996,21.448275862068964,70.0,0.198953278946006,1284.0
steady-04,steady,0,1784489585000000000,5.0,0.24,0.52,0.24,0.0,0.44,185256.39331999997,301742.29819999996,21.36,70.0,0.1989166622620716,1284.0
steady-04,steady,0,1784489590000000000,5.6,0.25,0.5,0.25,0.0,0.4642857142857143,170807.80860714286,299709.5253,22.0,70.0,0.39753754686280607,1284.0
steady-04,steady,0,1784489595000000000,5.0,0.24,0.48,0.28,0.0,0.44,183523.4238,290591.8622,21.36,70.0,0.596944206255482,1284.0
steady-04,steady,0,1784489600000000000,5.4,0.25925925925925924,0.5185185185185185,0.2222222222222222,0.0,0.37037037037037035,179306.30096296297,291493.1731,22.59259259259259,70.0,0.19899302524670676,1284.0
steady-04,steady,0,1784489605000000000,5.4,0.25925925925925924,0.48148148148148145,0.25925925925925924,0.0,0.2962962962962963,174198.21688888888,290720.73120000004,22.59259259259259,70.0,0.39769321340772656,1284.0
steady-04,steady,0,1784489610000000000,1.8,0.2222222222222222,0.5555555555555556,0.2222222222222222,0.0,0.6666666666666666,141348.06633333335,148875.1364,20.22222222222222,70.0,0.0,1284.0
steady-05,steady,0,1784489620000000000,2.0,0.3,0.5,0.2,0.0,0.2,172126.2458,274112.47839999996,25.2,70.0,0.4957018205711154,1284.0
steady-05,steady,0,1784489625000000000,5.2,0.23076923076923078,0.5,0.2692307692307692,0.0,0.38461538461538464,182548.0822692308,288506.098,20.76923076923077,70.0,0.19922400735034584,1284.0
steady-05,steady,0,1784489630000000000,4.8,0.25,0.5,0.25,0.0,0.4166666666666667,182624.00749999998,292410.62649999995,22.0,70.0,0.3984132702947238,1284.0
steady-05,steady,0,1784489635000000000,4.8,0.25,0.5,0.25,0.0,0.20833333333333334,204744.8022083333,342556.63584999996,22.0,70.0,0.39681233525108056,1284.0
steady-05,steady,0,1784489640000000000,4.8,0.25,0.5,0.25,0.0,0.25,206461.28195833333,358239.4556999998,22.0,70.0,0.24904376508444387,1284.0
steady-05,steady,0,1784489645000000000,4.8,0.25,0.5,0.25,0.0,0.4166666666666667,196488.681625,315281.23709999997,22.0,70.0,0.39686188443483583,1284.0
steady-05,steady,0,1784489650000000000,4.6,0.2608695652173913,0.5217391304347826,0.21739130434782608,0.0,0.43478260869565216,198870.15495652176,302771.7064,22.695652173913043,70.0,0.3951379542495035,1284.0
steady-05,steady,0,1784489655000000000,4.2,0.23809523809523808,0.47619047619047616,0.2857142857142857,0.0,0.38095238095238093,227081.1775714286,341670.006,21.238095238095237,70.0,0.1974546365669359,1284.0
steady-05,steady,0,1784489660000000000,3.8,0.2631578947368421,0.5263157894736842,0.21052631578947367,0.0,0.21052631578947367,242590.2867368421,407081.622,22.842105263157894,70.0,0.3982416462281214,1284.0
steady-05,steady,0,1784489665000000000,5.0,0.24,0.48,0.28,0.0,0.12,198134.345,333553.104,21.36,70.0,0.1987533219742033,1284.0
steady-05,steady,0,1784489670000000000,2.6,0.3076923076923077,0.46153846153846156,0.23076923076923078,0.0,0.15384615384615385,220095.42607692306,329314.87979999994,25.692307692307693,70.0,0.662848326728977,1284.0
steady-06,steady,0,1784489680000000000,0.2,1.0,0.0,0.0,0.0,0.0,316499.341,316499.341,70.0,70.0,0.0,0.0
steady-06,steady,0,1784489685000000000,4.6,0.21739130434782608,0.5217391304347826,0.2608695652173913,0.0,0.21739130434782608,208002.26708695653,307149.7378,19.91304347826087,70.0,0.19881665717366834,1280.0
steady-06,steady,0,1784489690000000000,4.4,0.2727272727272727,0.5,0.22727272727272727,0.0,0.3181818181818182,215482.779,371284.2528,23.454545454545453,70.0,0.19896936238022453,1280.0
steady-06,steady,0,1784489695000000000,5.0,0.24,0.52,0.24,0.0,0.32,181632.42712,295013.94159999996,21.36,70.0,0.39661293171211054,1280.0
steady-06,steady,0,1784489700000000000,5.0,0.24,0.48,0.28,0.0,0.52,197497.86184,301785.3306,21.36,70.0,0.3979019575935891,1280.0
steady-06,steady,0,1784489705000000000,5.0,0.28,0.48,0.24,0.0,0.32,185967.67127999998,308707.7888,23.92,70.0,0.19882242527598634,1280.0
steady-06,steady,0,1784489710000000000,4.6,0.21739130434782608,0.5217391304347826,0.2608695652173913,0.0,0.43478260869565216,206594.14047826084,362568.066,19.91304347826087,70.0,0.3968605052578269,1280.0
steady-06,steady,0,1784489715000000000,5.4,0.25925925925925924,0.5185185185185185,0.2222222222222222,0.0,0.37037037037037035,178825.065,293143.9336,22.59259259259259,70.0,0.39764429406205953,1280.0
steady-06,steady,0,1784489720000000000,5.0,0.24,0.48,0.28,0.0,0.28,183633.43516,298160.54839999997,21.36,70.0,0.3980823983293667,1280.0
steady-06,steady,0,1784489725000000000,4.8,0.25,0.5,0.25,0.0,0.25,194261.71695833336,290708.91455,22.0,70.0,0.3967103996111857,1280.0
steady-06,steady,0,1784489730000000000,4.4,0.2727272727272727,0.5,0.22727272727272727,0.0,0.45454545454545453,204496.06722727275,327839.6201,23.454545454545453,70.0,0.24896986973607613,1280.0
steady-07,steady,0,1784489745000000000,3.8,0.2631578947368421,0.47368421052631576,0.2631578947368421,0.0,0.42105263157894735,189785.0537368421,303347.3055,22.842105263157894,70.0,0.32906569871438557,1264.0
steady-07,steady,0,1784489750000000000,5.2,0.23076923076923078,0.5,0.2692307692307692,0.0,0.4230769230769231,180137.27292307693,300928.1165,20.76923076923077,70.0,0.39724137847403035,1264.0
steady-07,steady,0,1784489755000000000,5.2,0.2692307692307692,0.5,0.23076923076923078,0.0,0.38461538461538464,178302.22446153846,295824.82649999997,23.23076923076923,70.0,0.39789746569673357,1264.0
steady-07,steady,0,1784489760000000000,4.8,0.25,0.5,0.25,0.0,0.4583333333333333,200781.41095833332,321011.52239999996,22.0,70.0,0.39710797114232166,1264.0
steady-07,steady,0,1784489765000000000,4.8,0.25,0.5,0.25,0.0,0.25,197478.070125,311135.633,22.0,70.0,0.1990266741808126,1264.0
steady-07,steady,0,1784489770000000000,3.6,0.2222222222222222,0.5,0.2777777777777778,0.0,0.2777777777777778,259866.48433333336,467466.28979999997,20.22222222222222,70.0,0.3943215204992878,1264.0
steady-07,steady,0,1784489775000000000,4.8,0.25,0.5,0.25,0.0,0.375,201988.56850000002,359591.67714999994,22.0,70.0,0.39725540119335123,1264.0
steady-07,steady,0,1784489780000000000,4.0,0.25,0.5,0.25,0.0,0.4,236906.4852,425724.48075000005,22.0,70.0,0.39633472896650085,1264.0
steady-07,steady,0,1784489785000000000,4.4,0.2727272727272727,0.5,0.22727272727272727,0.0,0.3181818181818182,215625.63959090906,332330.2511,23.454545454545453,70.0,0.39780026111356304,1264.0
steady-07,steady,0,1784489790000000000,5.0,0.24,0.52,0.24,0.0,0.28,182431.74616,302340.1553999999,21.36,70.0,0.39699577291838145,1264.0
steady-07,steady,0,1784489795000000000,1.2,0.3333333333333333,0.3333333333333333,0.3333333333333333,0.0,0.16666666666666666,249580.75833333333,328438.664,27.333333333333332,70.0,0.0,1264.0
steady-08,steady,0,1784489805000000000,2.0,0.2,0.5,0.3,0.0,0.6,186906.4401,290663.6542,18.8,70.0,0.4958929132345443,1280.0
steady-08,steady,0,1784489810000000000,4.4,0.2727272727272727,0.5,0.22727272727272727,0.0,0.36363636363636365,212105.50586363635,321033.2437,23.454545454545453,70.0,0.1988218951753151,1280.0
steady-08,steady,0,1784489815000000000,4.8,0.25,0.5,0.25,0.0,0.375,195687.2617083333,331066.9165499999,22.0,70.0,0.49646155825893307,1280.0
steady-08,steady,0,1784489820000000000,4.8,0.25,0.5,0.25,0.0,0.3333333333333333,201055.520375,350989.74869999994,22.0,70.0,0.39688976883771754,1280.0
steady-08,steady,0,1784489825000000000,4.4,0.22727272727272727,0.5,0.2727272727272727,0.0,0.22727272727272727,212634.16040909092,314439.72300000006,20.545454545454547,70.0,0.19924935058684073,1280.0
steady-08,steady,0,1784489830000000000,5.4,0.25925925925925924,0.5185185185185185,0.2222222222222222,0.0,0.5185185185185185,178283.63385185186,283567.32639999996,22.59259259259259,70.0,0.39635435313527256,1280.0
steady-08,steady,0,1784489835000000000,4.2,0.23809523809523808,0.47619047619047616,0.2857142857142857,0.0,0.47619047619047616,213664.523952381,318121.875,21.238095238095237,70.0,0.39637092496439374,1280.0
steady-08,steady,0,1784489840000000000,4.2,0.2857142857142857,0.47619047619047616,0.23809523809523808,0.0,0.23809523809523808,238559.2897142857,380540.49,24.285714285714285,70.0,0.3971401140571781,1280.0
steady-08,steady,0,1784489845000000000,3.8,0.21052631578947367,0.5263157894736842,0.2631578947368421,0.0,0.47368421052631576,238086.4449473684,338428.8674999996,19.473684210526315,70.0,0.19676177092098773,1280.0
steady-08,steady,0,1784489850000000000,3.2,0.25,0.5,0.25,0.0,0.3125,317503.947125,530378.4882499999,22.0,70.0,0.19823631627365285,1280.0
steady-08,steady,0,1784489855000000000,1.6,0.25,0.5,0.25,0.0,0.25,339081.12425,558185.8567,22.0,70.0,0.32996307171098227,1280.0
steady-09,steady,0,1784489865000000000,0.2,0.0,1.0,0.0,0.0,1.0,176305.006,176305.006,6.0,6.0,0.0,0.0
steady-09,steady,0,1784489870000000000,4.2,0.23809523809523808,0.5238095238095238,0.23809523809523808,0.0,0.3333333333333333,227187.89876190474,359564.506,21.238095238095237,70.0,0.39459292638597,1280.0
steady-09,steady,0,1784489875000000000,5.0,0.24,0.48,0.28,0.0,0.44,188200.74424,323820.1624,21.36,70.0,0.19866040704941287,1280.0
steady-09,steady,0,1784489880000000000,5.4,0.25925925925925924,0.5185185185185185,0.2222222222222222,0.0,0.2962962962962963,170916.95881481483,283566.9096,22.59259259259259,70.0,0.3972034419043884,1280.0
steady-09,steady,0,1784489885000000000,4.6,0.2608695652173913,0.4782608695652174,0.2608695652173913,0.0,0.34782608695652173,208129.11686956522,332412.4469,22.695652173913043,70.0,0.19844747101643676,1280.0
steady-09,steady,0,1784489890000000000,3.8,0.2631578947368421,0.47368421052631576,0.2631578947368421,0.0,0.21052631578947367,254284.19300000003,390157.719,22.842105263157894,70.0,0.39779371633270594,1280.0
steady-09,steady,0,1784489895000000000,4.4,0.22727272727272727,0.5454545454545454,0.22727272727272727,0.0,0.3181818181818182,213600.01245454547,344265.3027,20.545454545454547,70.0,0.19909656211833096,1280.0
steady-09,steady,0,1784489900000000000,4.0,0.25,0.5,0.25,0.0,0.3,242491.72385,465077.03335000004,22.0,70.0,0.39717597667813487,1280.0
steady-09,steady,0,1784489905000000000,4.4,0.2727272727272727,0.45454545454545453,0.2727272727272727,0.0,0.5454545454545454,215980.8119090909,378761.13015,23.454545454545453,70.0,0.19820974696946067,1280.0
steady-09,steady,0,1784489910000000000,4.6,0.21739130434782608,0.5217391304347826,0.2608695652173913,0.0,0.4782608695652174,199483.2651304348,323452.4188,19.91304347826087,70.0,0.4976746314147371,1280.0
steady-09,steady,0,1784489915000000000,4.2,0.2857142857142857,0.47619047619047616,0.23809523809523808,0.0,0.5238095238095238,224535.5234285714,352686.545,24.285714285714285,70.0,0.39723853795119024,1280.0
