run_id,scenario,is_attack,window_start_ns,request_rate,put_ratio,get_ratio,delete_ratio,reject_ratio,error_ratio,latency_mean_us,latency_p95_us,input_mean_bytes,input_max_bytes,cpu_percent_mean,rss_kb_mean,key_reuse_ratio,request_reuse_ratio,operation_transition_ratio,idle_mean_us,idle_p95_us,idle_cv
bursty-00,bursty,0,1786521740000000000,2.2,1.0,0.0,0.0,0.0,0.0,228536.07136363638,339233.132,102.0,102.0,0.49749956222526026,1280.0,0.2727272727272727,0.2727272727272727,0.0,9067.9343,45855.49289999992,2.6585940371402077
bursty-00,bursty,0,1786521745000000000,5.4,1.0,0.0,0.0,0.0,0.0,172241.36162962962,198854.8222,102.0,102.0,0.19820657556875085,1280.0,0.37037037037037035,0.37037037037037035,0.0,10149.915653846152,81118.91475,2.5279568215966157
bursty-00,bursty,0,1786521750000000000,5.6,1.0,0.0,0.0,0.0,0.0,166541.77089285714,181409.86065,102.0,102.0,0.19885512561847812,1280.0,0.1785714285714286,0.1785714285714286,0.0,9878.977925925925,81806.7833,2.575717554094459
bursty-00,bursty,0,1786521755000000000,5.4,1.0,0.0,0.0,0.0,0.0,174486.94851851853,196975.8953,102.0,102.0,0.3974142279998651,1280.0,0.11111111111111116,0.11111111111111116,0.0,13443.584692307692,82304.88775000001,2.174200693238749
bursty-00,bursty,0,1786521760000000000,5.8,1.0,0.0,0.0,0.0,0.0,164616.81613793102,181324.67440000002,102.0,102.0,0.3981876499473775,1280.0,0.2068965517241379,0.2068965517241379,0.0,9494.845321428571,81368.01425000001,2.6320906302356675
bursty-00,bursty,0,1786521765000000000,5.2,1.0,0.0,0.0,0.0,0.0,173997.93719230767,196899.82724999997,102.0,102.0,0.1990068925211346,1280.0,0.42307692307692313,0.42307692307692313,0.0,13725.39276,81256.383,2.146943608430295
bursty-00,bursty,0,1786521770000000000,5.4,1.0,0.0,0.0,0.0,0.0,179904.69240740742,214436.7077,102.0,102.0,0.3969736114791206,1280.0,0.2592592592592593,0.2592592592592593,0.0,10197.5355,81101.50575,2.5103732330514137
bursty-00,bursty,0,1786521775000000000,5.6,1.0,0.0,0.0,0.0,0.0,169575.22642857142,197909.91945,102.0,102.0,0.19918487176557628,1280.0,0.25,0.25,0.0,9892.13262962963,81218.4836,2.5568379831454937
bursty-00,bursty,0,1786521780000000000,5.2,1.0,0.0,0.0,0.0,0.0,177115.08146153844,213078.56874999998,102.0,102.0,0.3976212365258821,1280.0,0.3076923076923077,0.3076923076923077,0.0,10507.070160000001,81209.12,2.4880470568137008
bursty-00,bursty,0,1786521785000000000,5.2,1.0,0.0,0.0,0.0,0.0,179370.30573076924,209962.55474999998,102.0,102.0,0.39790770445441825,1280.0,0.3076923076923077,0.3076923076923077,0.0,10502.782360000001,81206.292,2.49116782964821
bursty-00,bursty,0,1786521790000000000,2.6,1.0,0.0,0.0,0.0,0.0,171253.72253846156,197283.574,102.0,102.0,0.4981374148901218,1280.0,0.0,0.0,0.0,14472.735333333332,81980.57495,2.0873259502744905
bursty-01,bursty,0,1786521800000000000,1.0,1.0,0.0,0.0,0.0,0.0,182927.8914,209798.9522,102.0,102.0,0.0,1280.0,0.0,0.0,0.0,21259.11725,70080.29759999996,1.6570458879844627
bursty-01,bursty,0,1786521805000000000,5.6,1.0,0.0,0.0,0.0,0.0,169968.9689285714,197535.27875,102.0,102.0,0.3973712822496955,1280.0,0.0714285714285714,0.0714285714285714,0.0,9748.04459259259,80984.8519,2.5884625000935704
bursty-01,bursty,0,1786521810000000000,5.2,1.0,0.0,0.0,0.0,0.0,178101.08815384615,197600.0925,102.0,102.0,0.1989041655454149,1280.0,0.3076923076923077,0.3076923076923077,0.0,10593.727879999999,81292.787,2.4678826739965283
bursty-01,bursty,0,1786521815000000000,5.2,1.0,0.0,0.0,0.0,0.0,180888.7891923077,214466.09475,102.0,102.0,0.4960307565939682,1280.0,0.23076923076923073,0.23076923076923073,0.0,10475.72436,81359.3222,2.5039336158586143
bursty-01,bursty,0,1786521820000000000,5.4,1.0,0.0,0.0,0.0,0.0,176957.00540740739,204972.51170000003,102.0,102.0,0.1983693035531866,1280.0,0.07407407407407407,0.07407407407407407,0.0,10472.29303846154,81773.06175,2.461479448355163
bursty-01,bursty,0,1786521825000000000,5.4,1.0,0.0,0.0,0.0,0.0,175316.98796296294,199068.5698,102.0,102.0,0.3978112657918261,1280.0,0.11111111111111116,0.11111111111111116,0.0,10329.058230769231,82083.418,2.5250070437081957
bursty-01,bursty,0,1786521830000000000,5.4,1.0,0.0,0.0,0.0,0.0,175387.4094074074,199893.20830000003,102.0,102.0,0.1989933549024685,1280.0,0.18518518518518523,0.18518518518518523,0.0,10188.451115384614,81176.55025,2.5347985884425657
bursty-01,bursty,0,1786521835000000000,5.6,1.0,0.0,0.0,0.0,0.0,166693.75178571427,193885.6753,102.0,102.0,0.39659369047846244,1280.0,0.2142857142857143,0.2142857142857143,0.0,9850.70014814815,81250.5822,2.5716591810867504
bursty-01,bursty,0,1786521840000000000,5.6,1.0,0.0,0.0,0.0,0.0,164970.80857142856,196485.2669,102.0,102.0,0.39734834310710954,1280.0,0.1428571428571429,0.1428571428571429,0.0,12797.807999999999,82022.4517,2.247596231665294
bursty-01,bursty,0,1786521845000000000,5.6,1.0,0.0,0.0,0.0,0.0,168513.01689285715,191260.13900000002,102.0,102.0,0.19894603068176525,1280.0,0.1071428571428571,0.1071428571428571,0.0,9814.843740740742,81183.85750000001,2.5793581347174226
bursty-01,bursty,0,1786521850000000000,4.4,1.0,0.0,0.0,0.0,0.0,170597.74113636365,195257.3077,102.0,102.0,0.24883904417662345,1280.0,0.0,0.0,0.0,12368.370380952381,81184.164,2.280803713124973
bursty-02,bursty,0,1786521865000000000,5.4,1.0,0.0,0.0,0.0,0.0,156832.58866666668,178323.9923,102.0,102.0,0.24891654741589309,1268.0,0.33333333333333337,0.33333333333333337,0.0,10286.484076923078,82236.035,2.5577992791278996
bursty-02,bursty,0,1786521870000000000,5.8,1.0,0.0,0.0,0.0,0.0,157516.91403448276,177374.6238,102.0,102.0,0.39732403426865565,1268.0,0.13793103448275867,0.13793103448275867,0.0,12475.175642857143,82470.72284999999,2.291132059583934
bursty-02,bursty,0,1786521875000000000,5.8,1.0,0.0,0.0,0.0,0.0,163563.89668965517,188014.30559999996,102.0,102.0,0.19918066515518684,1268.0,0.1724137931034483,0.1724137931034483,0.0,9576.444642857143,82238.6305,2.631674718150897
bursty-02,bursty,0,1786521880000000000,6.0,1.0,0.0,0.0,0.0,0.0,156789.73386666665,177697.7627,102.0,102.0,0.5961372174170722,1268.0,0.33333333333333337,0.33333333333333337,0.0,9121.386275862069,81398.2362,2.6960869475817892
bursty-02,bursty,0,1786521885000000000,5.6,1.0,0.0,0.0,0.0,0.0,164969.0245,187370.99455,102.0,102.0,0.19924628656451912,1268.0,0.25,0.25,0.0,12921.23725925926,82151.9626,2.2265843001191032
bursty-02,bursty,0,1786521890000000000,5.8,1.0,0.0,0.0,0.0,0.0,165996.97213793104,183440.3144,102.0,102.0,0.39699490144405425,1268.0,0.48275862068965514,0.48275862068965514,0.0,9543.273535714285,81590.92800000001,2.6169723936362184
bursty-02,bursty,0,1786521895000000000,5.4,1.0,0.0,0.0,0.0,0.0,169046.13362962962,191197.1137,102.0,102.0,0.19914638689307698,1268.0,0.33333333333333337,0.33333333333333337,0.0,13296.728115384614,81668.26475,2.1932837209406606
bursty-02,bursty,0,1786521900000000000,6.0,1.0,0.0,0.0,0.0,0.0,160507.9774,184256.4743,102.0,102.0,0.397732625983992,1268.0,0.30000000000000004,0.30000000000000004,0.0,9160.914655172415,81129.6752,2.6693280372074315
bursty-02,bursty,0,1786521905000000000,5.8,1.0,0.0,0.0,0.0,0.0,159053.5255172414,175912.34739999997,102.0,102.0,0.3981961722783075,1268.0,0.3448275862068966,0.3448275862068966,0.0,9692.631464285714,82479.1335,2.6035456156043715
bursty-02,bursty,0,1786521910000000000,5.6,1.0,0.0,0.0,0.0,0.0,167102.8587142857,195840.27375,102.0,102.0,0.19936710036773025,1268.0,0.5357142857142857,0.5357142857142857,0.0,12870.548666666667,81677.81270000001,2.2433668976646106
bursty-02,bursty,0,1786521915000000000,0.4,1.0,0.0,0.0,0.0,0.0,182837.4815,184564.11935,102.0,102.0,0.0,0.0,0.0,0.0,0.0,747.273,747.273,0.0
bursty-03,bursty,0,1786521925000000000,3.2,1.0,0.0,0.0,0.0,0.0,173256.3955625,198071.38950000002,102.0,102.0,0.3298359475487356,1280.0,0.4375,0.4375,0.0,11711.701866666666,81878.5349,2.3609044028697945
bursty-03,bursty,0,1786521930000000000,5.8,1.0,0.0,0.0,0.0,0.0,162666.4115172414,184978.454,102.0,102.0,0.4969016413690795,1280.0,0.10344827586206895,0.10344827586206895,0.0,9577.823607142856,82202.6813,2.6346169068774383
bursty-03,bursty,0,1786521935000000000,5.6,1.0,0.0,0.0,0.0,0.0,167554.06307142857,184488.9896,102.0,102.0,0.19914166755019186,1280.0,0.3928571428571429,0.3928571428571429,0.0,13057.745777777778,82713.69810000001,2.226378371715597
bursty-03,bursty,0,1786521940000000000,5.6,1.0,0.0,0.0,0.0,0.0,169403.27614285712,210080.9171,102.0,102.0,0.3952047061461254,1280.0,0.2142857142857143,0.2142857142857143,0.0,9922.217444444444,81911.3964,2.5806166353600952
bursty-03,bursty,0,1786521945000000000,4.6,1.0,0.0,0.0,0.0,0.0,205824.80386956522,271978.83359999995,102.0,102.0,0.197973539288321,1280.0,0.3913043478260869,0.3913043478260869,0.0,12214.610363636364,84231.96979999999,2.3192771406814034
bursty-03,bursty,0,1786521950000000000,4.6,1.0,0.0,0.0,0.0,0.0,200670.55504347826,261378.0978,102.0,102.0,0.39763554547540303,1280.0,0.4347826086956522,0.4347826086956522,0.0,12119.203136363636,81129.28655,2.300977117050073
bursty-03,bursty,0,1786521955000000000,5.4,1.0,0.0,0.0,0.0,0.0,179296.9028888889,216595.6488,102.0,102.0,0.19899760112471296,1280.0,0.03703703703703709,0.03703703703703709,0.0,10313.156653846152,81530.75675,2.517495369493562
bursty-03,bursty,0,1786521960000000000,5.0,1.0,0.0,0.0,0.0,0.0,187519.04348000002,216875.5984,102.0,102.0,0.3963281290472029,1280.0,0.43999999999999995,0.43999999999999995,0.0,11051.216416666668,81132.14335,2.4128288701652614
bursty-03,bursty,0,1786521965000000000,5.6,1.0,0.0,0.0,0.0,0.0,165570.16974999997,191288.3589,102.0,102.0,0.19902770349400462,1280.0,0.25,0.25,0.0,9727.855259259259,80960.8933,2.6032815061784214
bursty-03,bursty,0,1786521970000000000,5.6,1.0,0.0,0.0,0.0,0.0,168343.37364285716,197442.71585,102.0,102.0,0.3981278157639985,1280.0,0.5,0.5,0.0,12739.735333333332,81116.9246,2.2435789970954887
bursty-03,bursty,0,1786521975000000000,2.0,1.0,0.0,0.0,0.0,0.0,192608.31939999998,225253.22405,102.0,102.0,0.4966160754434907,1280.0,0.30000000000000004,0.30000000000000004,0.0,9863.589555555554,49229.732399999964,2.5503196288645835
bursty-04,bursty,0,1786521985000000000,1.6,1.0,0.0,0.0,0.0,0.0,184702.129875,205415.95515,102.0,102.0,0.0,1280.0,0.0,0.0,0.0,12399.034,57195.17029999994,2.2664300843438943
bursty-04,bursty,0,1786521990000000000,5.0,1.0,0.0,0.0,0.0,0.0,190364.86716000002,218182.8002,102.0,102.0,0.39788751443091863,1280.0,0.28,0.28,0.0,11002.258041666666,81334.49424999999,2.416866293482957
bursty-04,bursty,0,1786521995000000000,5.0,1.0,0.0,0.0,0.0,0.0,188914.5196,217818.83999999997,102.0,102.0,0.3976913975103063,1280.0,0.12,0.12,0.0,10911.226958333333,81107.94154999999,2.433002424530535
bursty-04,bursty,0,1786522000000000000,5.0,1.0,0.0,0.0,0.0,0.0,187837.9848,215606.58519999997,102.0,102.0,0.19835430746987684,1280.0,0.36,0.36,0.0,10943.532458333333,81207.04295,2.430326266330218
bursty-04,bursty,0,1786522005000000000,5.0,1.0,0.0,0.0,0.0,0.0,190684.11943999998,212757.7704,102.0,102.0,0.19918667162066492,1280.0,0.48,0.48,0.0,10991.200458333333,81054.63165,2.4143483326214072
bursty-04,bursty,0,1786522010000000000,5.0,1.0,0.0,0.0,0.0,0.0,188419.33712,208123.016,102.0,102.0,0.397518630815269,1280.0,0.36,0.36,0.0,11047.890708333332,81282.74590000001,2.4030044434356133
bursty-04,bursty,0,1786522015000000000,5.0,1.0,0.0,0.0,0.0,0.0,187123.03156,223165.90279999998,102.0,102.0,0.19861609982065426,1280.0,0.24,0.24,0.0,10947.0555,81060.183,2.4252070848123743
bursty-04,bursty,0,1786522020000000000,4.8,1.0,0.0,0.0,0.0,0.0,192014.56591666667,216433.6101,102.0,102.0,0.3956968908832021,1280.0,0.0,0.0,0.0,7963.2773043478255,73232.85239999989,2.8325525399869766
bursty-04,bursty,0,1786522025000000000,5.2,1.0,0.0,0.0,0.0,0.0,187360.89988461538,208126.38975,102.0,102.0,0.19918008117126093,1280.0,0.3076923076923077,0.3076923076923077,0.0,10571.65368,81014.8144,2.461073455861474
bursty-04,bursty,0,1786522030000000000,5.0,1.0,0.0,0.0,0.0,0.0,185385.556,213422.8074,102.0,102.0,0.39820790711251414,1280.0,0.040000000000000036,0.040000000000000036,0.0,10954.9165,81031.64025,2.4150978763080357
bursty-04,bursty,0,1786522035000000000,3.8,1.0,0.0,0.0,0.0,0.0,182450.96810526316,201474.80489999996,102.0,102.0,0.3299419501023833,1280.0,0.4736842105263158,0.4736842105263158,0.0,10023.653333333334,81031.14215000001,2.505912089226142
bursty-05,bursty,0,1786522050000000000,4.6,1.0,0.0,0.0,0.0,0.0,194365.43939130433,230552.78489999997,102.0,102.0,0.0,1280.0,0.04347826086956519,0.04347826086956519,0.0,12103.207636363637,81368.8325,2.275638273689562
bursty-05,bursty,0,1786522055000000000,4.8,1.0,0.0,0.0,0.0,0.0,194225.58533333335,224861.04675,102.0,102.0,0.5962243192980956,1280.0,0.375,0.375,0.0,11455.283608695652,81432.246,2.364112170052087
bursty-05,bursty,0,1786522060000000000,4.8,1.0,0.0,0.0,0.0,0.0,193054.61854166666,228525.186,102.0,102.0,0.198854640027191,1280.0,0.125,0.125,0.0,11507.18,81242.5194,2.3485977967411236
bursty-05,bursty,0,1786522065000000000,4.8,1.0,0.0,0.0,0.0,0.0,204048.27895833334,241332.94795,102.0,102.0,0.19847841386729775,1280.0,0.16666666666666663,0.16666666666666663,0.0,11876.02052173913,81550.6093,2.2794724181176513
bursty-05,bursty,0,1786522070000000000,4.8,1.0,0.0,0.0,0.0,0.0,193999.56658333333,231234.78499999997,102.0,102.0,0.19907090285155102,1280.0,0.04166666666666663,0.04166666666666663,0.0,11328.690217391302,80999.5893,2.383665012830788
bursty-05,bursty,0,1786522075000000000,5.2,1.0,0.0,0.0,0.0,0.0,186004.61373076926,209399.73975,102.0,102.0,0.5962292057428427,1280.0,0.1923076923076923,0.1923076923076923,0.0,10549.309280000001,81271.7444,2.479062900503775
bursty-05,bursty,0,1786522080000000000,4.8,1.0,0.0,0.0,0.0,0.0,195985.31091666667,233268.85629999998,102.0,102.0,0.1984040898796875,1280.0,0.125,0.125,0.0,11495.561173913044,81436.1341,2.3589386179287772
bursty-05,bursty,0,1786522085000000000,5.0,1.0,0.0,0.0,0.0,0.0,187963.6544,208990.68720000001,102.0,102.0,0.39822089658747234,1280.0,0.12,0.12,0.0,11009.163291666666,81184.86345,2.413514726411797
bursty-05,bursty,0,1786522090000000000,5.2,1.0,0.0,0.0,0.0,0.0,175287.51146153847,202503.46949999998,102.0,102.0,0.19889328219840086,1280.0,0.34615384615384615,0.34615384615384615,0.0,10619.874440000001,81609.2152,2.4815213167462113
bursty-05,bursty,0,1786522095000000000,5.0,1.0,0.0,0.0,0.0,0.0,194565.57272,244394.56219999993,102.0,102.0,0.19899279953708543,1280.0,0.31999999999999995,0.31999999999999995,0.0,10904.714708333335,81168.6389,2.4362437179469754
bursty-05,bursty,0,1786522100000000000,0.2,1.0,0.0,0.0,0.0,0.0,162828.633,162828.633,102.0,102.0,0.0,0.0,0.0,0.0,0.0,0.0,0.0,0.0
bursty-06,bursty,0,1786522110000000000,2.8,1.0,0.0,0.0,0.0,0.0,200853.4635,222548.68215,102.0,102.0,0.3319363318139987,1280.0,0.4285714285714286,0.4285714285714286,0.0,7260.930769230768,33494.22899999988,2.935636811275965
bursty-06,bursty,0,1786522115000000000,4.8,1.0,0.0,0.0,0.0,0.0,194757.60254166668,218107.02414999998,102.0,102.0,0.24862856038559894,1280.0,0.08333333333333337,0.08333333333333337,0.0,11442.518913043477,81203.4509,2.36085271586165
bursty-06,bursty,0,1786522120000000000,5.0,1.0,0.0,0.0,0.0,0.0,190260.42987999998,213646.4686,102.0,102.0,0.39749478357882917,1280.0,0.12,0.12,0.0,11283.189208333335,81553.79745,2.3894354058370424
bursty-06,bursty,0,1786522125000000000,5.0,1.0,0.0,0.0,0.0,0.0,193010.03192,220539.072,102.0,102.0,0.3975249306486136,1280.0,0.19999999999999996,0.19999999999999996,0.0,11155.603458333333,81249.58589999999,2.374680631936097
bursty-06,bursty,0,1786522130000000000,4.6,1.0,0.0,0.0,0.0,0.0,199415.16452173912,232602.47389999998,102.0,102.0,0.1976327831798256,1280.0,0.13043478260869568,0.13043478260869568,0.0,8266.446363636363,77271.93779999994,2.79344147130204
bursty-06,bursty,0,1786522135000000000,5.0,1.0,0.0,0.0,0.0,0.0,193750.26536,222534.0312,102.0,102.0,0.1981009029207377,1280.0,0.16000000000000003,0.16000000000000003,0.0,10931.229625,81277.40969999999,2.430393458741049
bursty-06,bursty,0,1786522140000000000,5.0,1.0,0.0,0.0,0.0,0.0,187871.28456,208686.3248,102.0,102.0,0.3980131110307704,1280.0,0.28,0.28,0.0,11068.093083333333,81190.8149,2.3988329291255583
bursty-06,bursty,0,1786522145000000000,4.8,1.0,0.0,0.0,0.0,0.0,190899.29804166665,220587.72105,102.0,102.0,0.3971961124724418,1280.0,0.29166666666666663,0.29166666666666663,0.0,11501.481869565217,81571.69369999999,2.35723167213763
bursty-06,bursty,0,1786522150000000000,4.8,1.0,0.0,0.0,0.0,0.0,197536.530625,224944.7818,102.0,102.0,0.19923041970781732,1280.0,0.20833333333333337,0.20833333333333337,0.0,11499.334521739129,81497.0231,2.362299447065437
bursty-06,bursty,0,1786522155000000000,5.2,1.0,0.0,0.0,0.0,0.0,188229.91596153847,212609.20525,102.0,102.0,0.39784765831450397,1280.0,0.1923076923076923,0.1923076923076923,0.0,10645.934480000002,81132.5202,2.4449856845317077
bursty-06,bursty,0,1786522160000000000,1.8,1.0,0.0,0.0,0.0,0.0,193887.24944444446,206016.4792,102.0,102.0,0.49619914186427255,1280.0,0.0,0.0,0.0,11197.758875000001,53830.85104999996,2.3697666500879206
bursty-07,bursty,0,1786522170000000000,1.6,1.0,0.0,0.0,0.0,0.0,177460.848375,200585.6948,102.0,102.0,0.0,1276.0,0.0,0.0,0.0,12348.059857142858,57160.79919999994,2.2763438694949416
bursty-07,bursty,0,1786522175000000000,4.8,1.0,0.0,0.0,0.0,0.0,194648.15841666667,229069.57114999995,102.0,102.0,0.39735204311377503,1276.0,0.125,0.125,0.0,11445.69843478261,81462.21239999999,2.3689739405827255
bursty-07,bursty,0,1786522180000000000,5.0,1.0,0.0,0.0,0.0,0.0,193729.9466,213614.24599999998,102.0,102.0,0.19903016699644077,1276.0,0.43999999999999995,0.43999999999999995,0.0,11031.667458333332,81252.05329999999,2.40429552971209
bursty-07,bursty,0,1786522185000000000,4.6,1.0,0.0,0.0,0.0,0.0,201137.38156521737,223337.01559999998,102.0,102.0,0.3974574872806325,1276.0,0.08695652173913049,0.08695652173913049,0.0,11968.612227272726,81689.05464999999,2.3313934023008165
bursty-07,bursty,0,1786522190000000000,5.0,1.0,0.0,0.0,0.0,0.0,190864.84588,220703.73179999995,102.0,102.0,0.19902396537724965,1276.0,0.48,0.48,0.0,10978.873083333334,81588.3872,2.431287569897632
bursty-07,bursty,0,1786522195000000000,5.0,1.0,0.0,0.0,0.0,0.0,188850.14484000002,217653.54940000002,102.0,102.0,0.39616353371977164,1276.0,0.19999999999999996,0.19999999999999996,0.0,10989.760625,81197.24165,2.417017250567575
bursty-07,bursty,0,1786522200000000000,5.0,1.0,0.0,0.0,0.0,0.0,188470.74852000002,225808.18039999995,102.0,102.0,0.1987789152370021,1276.0,0.28,0.28,0.0,10882.897625,80982.171,2.434837043871613
bursty-07,bursty,0,1786522205000000000,5.2,1.0,0.0,0.0,0.0,0.0,183610.94723076926,212441.18524999998,102.0,102.0,0.5955827207574229,1276.0,0.23076923076923073,0.23076923076923073,0.0,10555.365800000001,81532.30420000001,2.4820157062976245
bursty-07,bursty,0,1786522210000000000,5.2,1.0,0.0,0.0,0.0,0.0,180549.13365384613,213378.37450000003,102.0,102.0,0.1991968952877089,1276.0,0.3846153846153846,0.3846153846153846,0.0,13907.32964,81236.1682,2.11431740449444
bursty-07,bursty,0,1786522215000000000,5.0,1.0,0.0,0.0,0.0,0.0,189374.12668000002,224773.561,102.0,102.0,0.1991737200545785,1276.0,0.31999999999999995,0.31999999999999995,0.0,10981.518666666669,81076.82805000001,2.4143668595087875
bursty-07,bursty,0,1786522220000000000,3.4,1.0,0.0,0.0,0.0,0.0,193805.99311764704,221596.94019999995,102.0,102.0,0.331112297601259,1276.0,0.0,0.0,0.0,11021.476375,81426.96100000001,2.4219043419273687
bursty-08,bursty,0,1786522235000000000,5.2,1.0,0.0,0.0,0.0,0.0,166634.71615384615,190675.20775,102.0,102.0,0.49727213354897637,1280.0,0.15384615384615385,0.15384615384615385,0.0,10630.37932,82750.6286,2.5022898489296312
bursty-08,bursty,0,1786522240000000000,5.6,1.0,0.0,0.0,0.0,0.0,166736.74735714286,186405.80394999997,102.0,102.0,0.19920776783917163,1280.0,0.5,0.5,0.0,12986.97474074074,81874.4658,2.216016403569671
bursty-08,bursty,0,1786522245000000000,5.8,1.0,0.0,0.0,0.0,0.0,165213.85858620692,184601.8676,102.0,102.0,0.5965837876103145,1280.0,0.27586206896551724,0.27586206896551724,0.0,9600.003785714285,82659.12419999999,2.640312454167087
bursty-08,bursty,0,1786522250000000000,5.6,1.0,0.0,0.0,0.0,0.0,167797.86225,179639.16105,102.0,102.0,0.1989556557000396,1280.0,0.3571428571428571,0.3571428571428571,0.0,12828.68462962963,81699.8352,2.237074458347612
bursty-08,bursty,0,1786522255000000000,5.6,1.0,0.0,0.0,0.0,0.0,169651.86578571427,198980.63365,102.0,102.0,0.39800984745082335,1280.0,0.3928571428571429,0.3928571428571429,0.0,9884.26837037037,81869.9406,2.582763063864544
bursty-08,bursty,0,1786522260000000000,5.6,1.0,0.0,0.0,0.0,0.0,165763.69328571428,194815.39529999997,102.0,102.0,0.19918623201897706,1280.0,0.4285714285714286,0.4285714285714286,0.0,12867.25811111111,80953.18209999999,2.2194033339276307
bursty-08,bursty,0,1786522265000000000,5.4,1.0,0.0,0.0,0.0,0.0,171393.31274074074,195457.2896,102.0,102.0,0.5960458586845859,1280.0,0.11111111111111116,0.11111111111111116,0.0,10201.405923076924,81611.10825,2.532705417632299
bursty-08,bursty,0,1786522270000000000,5.2,1.0,0.0,0.0,0.0,0.0,176485.1721153846,234019.9715,102.0,102.0,0.19886029881553885,1280.0,0.34615384615384615,0.34615384615384615,0.0,10478.19664,81162.0864,2.4905488889117127
bursty-08,bursty,0,1786522275000000000,5.2,1.0,0.0,0.0,0.0,0.0,189085.66026923078,219604.78800000003,102.0,102.0,0.19810684345827034,1280.0,0.23076923076923073,0.23076923076923073,0.0,10696.05048,81017.3704,2.4305021706521566
bursty-08,bursty,0,1786522280000000000,5.0,1.0,0.0,0.0,0.0,0.0,186304.17688,212616.4884,102.0,102.0,0.39834616161771336,1280.0,0.28,0.28,0.0,11082.948208333333,81199.80219999999,2.393457045228988
bursty-08,bursty,0,1786522285000000000,0.4,1.0,0.0,0.0,0.0,0.0,198569.64750000002,207422.09475000002,102.0,102.0,0.0,0.0,0.0,0.0,0.0,719.538,719.538,0.0
bursty-09,bursty,0,1786522295000000000,2.8,1.0,0.0,0.0,0.0,0.0,194744.64792857142,212322.16495,102.0,102.0,0.33131303679454177,1284.0,0.4285714285714286,0.4285714285714286,0.0,7231.530999999999,33963.507399999886,2.957371713937624
bursty-09,bursty,0,1786522300000000000,4.8,1.0,0.0,0.0,0.0,0.0,198668.98133333333,235394.2416,102.0,102.0,0.39724389000660965,1284.0,0.25,0.25,0.0,11457.61752173913,81445.8993,2.3666985092379473
bursty-09,bursty,0,1786522305000000000,5.0,1.0,0.0,0.0,0.0,0.0,191000.48908,217563.13919999998,102.0,102.0,0.24841135991945448,1284.0,0.31999999999999995,0.31999999999999995,0.0,11010.609375,81100.29315000001,2.407467696610541
bursty-09,bursty,0,1786522310000000000,5.0,1.0,0.0,0.0,0.0,0.0,190325.72240000003,215001.9478,102.0,102.0,0.19887169823809897,1284.0,0.040000000000000036,0.040000000000000036,0.0,10961.5015,81249.4864,2.424328063236865
bursty-09,bursty,0,1786522315000000000,4.6,1.0,0.0,0.0,0.0,0.0,202036.01578260868,227919.4308,102.0,102.0,0.39799671388859903,1284.0,0.3913043478260869,0.3913043478260869,0.0,8347.716772727274,76630.83384999994,2.7498852592227205
bursty-09,bursty,0,1786522320000000000,4.8,1.0,0.0,0.0,0.0,0.0,197923.62525,227669.37344999998,102.0,102.0,0.19905038832192867,1284.0,0.25,0.25,0.0,11613.892695652174,81412.27549999999,2.327386884490319
bursty-09,bursty,0,1786522325000000000,4.8,1.0,0.0,0.0,0.0,0.0,194082.95479166668,225445.91965,102.0,102.0,0.1989817493014276,1284.0,0.375,0.375,0.0,11369.413217391304,81043.9527,2.3748704226071595
bursty-09,bursty,0,1786522330000000000,5.0,1.0,0.0,0.0,0.0,0.0,196760.48964,256562.61779999995,102.0,102.0,0.39734726221745814,1284.0,0.31999999999999995,0.31999999999999995,0.0,11205.554458333332,81480.51079999999,2.3707260926236664
bursty-09,bursty,0,1786522335000000000,5.0,1.0,0.0,0.0,0.0,0.0,181283.65988000002,206468.5894,102.0,102.0,0.3981679443408129,1284.0,0.56,0.56,0.0,11108.847,82094.24539999999,2.4295295093766374
bursty-09,bursty,0,1786522340000000000,5.4,1.0,0.0,0.0,0.0,0.0,180026.26125925925,202385.0257,102.0,102.0,0.39587753126278785,1284.0,0.18518518518518523,0.18518518518518523,0.0,10257.409076923077,81461.68175,2.523890959771963
bursty-09,bursty,0,1786522345000000000,1.8,1.0,0.0,0.0,0.0,0.0,189823.73655555554,225118.9018,102.0,102.0,0.0,1284.0,0.0,0.0,0.0,10995.534125,53780.90724999995,2.4480523806619963
error_storm-00,error_storm,1,1786524210000000000,0.4,0.0,1.0,0.0,0.0,1.0,194410.86599999998,199079.51249999998,13.0,13.0,0.0,0.0,0.5,0.5,0.0,3201.787,3201.787,0.0
error_storm-00,error_storm,1,1786524215000000000,5.0,0.0,1.0,0.0,0.0,1.0,192258.35376000003,210872.88059999997,13.0,13.0,0.19842306503360502,1280.0,0.96,0.96,0.0,3257.6789166666663,3551.4163499999995,0.3599192654926501
error_storm-00,error_storm,1,1786524220000000000,5.2,0.0,1.0,0.0,0.0,1.0,189263.27926923076,201418.06650000002,13.0,13.0,0.3970490560493973,1280.0,0.9615384615384616,0.9615384615384616,0.0,3043.36816,4009.2243999999973,0.18242774936198689
error_storm-00,error_storm,1,1786524225000000000,5.2,0.0,1.0,0.0,0.0,1.0,192646.15446153845,208459.53324999998,13.0,13.0,0.3978136298720426,1280.0,0.9615384615384616,0.9615384615384616,0.0,3235.89244,3588.8311999999996,0.3116657613408613
error_storm-00,error_storm,1,1786524230000000000,5.0,0.0,1.0,0.0,0.0,1.0,193538.61516,210944.81659999996,13.0,13.0,0.19773189963574858,1280.0,0.96,0.96,0.0,3368.715291666667,4138.855449999999,0.38877453176656696
error_storm-00,error_storm,1,1786524235000000000,5.0,0.0,1.0,0.0,0.0,1.0,193728.21452,218094.08319999996,13.0,13.0,0.39781261602482987,1280.0,0.96,0.96,0.0,3327.4251666666664,5032.895349999997,0.35113726820557134
error_storm-00,error_storm,1,1786524240000000000,5.2,0.0,1.0,0.0,0.0,1.0,192292.0681923077,206733.94675,13.0,13.0,0.39822183868255595,1280.0,0.9615384615384616,0.9615384615384616,0.0,3112.2917599999996,3656.992,0.10947545540418382
error_storm-00,error_storm,1,1786524245000000000,5.2,0.0,1.0,0.0,0.0,1.0,192198.49261538463,209209.94499999998,13.0,13.0,0.39588262385237266,1280.0,0.9615384615384616,0.9615384615384616,0.0,3273.32192,3530.9937999999997,0.35685625454353753
error_storm-00,error_storm,1,1786524250000000000,5.0,0.0,1.0,0.0,0.0,1.0,192287.29903999998,210673.5158,13.0,13.0,0.19873398265210523,1280.0,0.96,0.96,0.0,3057.8025,3385.1879000000004,0.0609913368018119
error_storm-00,error_storm,1,1786524255000000000,4.8,0.0,1.0,0.0,0.0,1.0,204422.08345833336,221700.88935,13.0,13.0,0.5968206692574167,1280.0,0.9583333333333334,0.9583333333333334,0.0,3078.13,3529.3650999999995,0.11109717084408471
error_storm-00,error_storm,1,1786524260000000000,4.4,0.0,1.0,0.0,0.0,1.0,209939.77836363635,243130.66995,13.0,13.0,0.24700729200798646,1280.0,0.9545454545454546,0.9545454545454546,0.0,3162.8239047619045,4029.339,0.15004115830402845
error_storm-01,error_storm,1,1786524275000000000,3.8,0.0,1.0,0.0,0.0,1.0,180044.8455263158,202226.12509999992,13.0,13.0,0.33198741750025945,1272.0,0.9473684210526316,0.9473684210526316,0.0,2904.179166666667,3293.459,0.07835376563545662
error_storm-01,error_storm,1,1786524280000000000,5.2,0.0,1.0,0.0,0.0,1.0,187929.30084615384,208874.89224999998,13.0,13.0,0.3976689760388738,1272.0,0.9615384615384616,0.9615384615384616,0.0,3026.545,3409.4951999999994,0.08119483226185974
error_storm-01,error_storm,1,1786524285000000000,5.6,0.0,1.0,0.0,0.0,1.0,178219.6162142857,201226.4841,13.0,13.0,0.3974412438613685,1272.0,0.9642857142857143,0.9642857142857143,0.0,3086.4542962962964,3538.3950999999997,0.07827856173643472
error_storm-01,error_storm,1,1786524290000000000,5.6,0.0,1.0,0.0,0.0,1.0,175572.19560714284,192249.64390000002,13.0,13.0,0.3977988582821685,1272.0,0.9642857142857143,0.9642857142857143,0.0,3037.3663333333334,3765.8138,0.10769940449534193
error_storm-01,error_storm,1,1786524295000000000,5.4,0.0,1.0,0.0,0.0,1.0,177209.0884814815,192741.0607,13.0,13.0,0.39699339830604446,1272.0,0.962962962962963,0.962962962962963,0.0,2987.972923076923,3340.26475,0.07185902641235166
error_storm-01,error_storm,1,1786524300000000000,5.6,0.0,1.0,0.0,0.0,1.0,178489.85503571428,204895.16245,13.0,13.0,0.3981770306197173,1272.0,0.9642857142857143,0.9642857142857143,0.0,2955.0394444444446,3391.2422,0.10018229473551364
error_storm-01,error_storm,1,1786524305000000000,5.4,0.0,1.0,0.0,0.0,1.0,182212.75992592593,203353.1663,13.0,13.0,0.19883255346930961,1272.0,0.962962962962963,0.962962962962963,0.0,2995.7235384615387,3307.5657499999998,0.07107100584133562
error_storm-01,error_storm,1,1786524310000000000,5.6,0.0,1.0,0.0,0.0,1.0,175592.47667857143,191578.62459999998,13.0,13.0,0.39808540206419657,1272.0,0.9642857142857143,0.9642857142857143,0.0,3084.874111111111,3747.909199999999,0.1268526602733038
error_storm-01,error_storm,1,1786524315000000000,5.6,0.0,1.0,0.0,0.0,1.0,174470.6065357143,193883.0405,13.0,13.0,0.39743984434475166,1272.0,0.9642857142857143,0.9642857142857143,0.0,2991.4234074074075,3465.9161,0.10343885141085706
error_storm-01,error_storm,1,1786524320000000000,5.4,0.0,1.0,0.0,0.0,1.0,183359.3241111111,203720.5254,13.0,13.0,0.1992410039476447,1272.0,0.962962962962963,0.962962962962963,0.0,2955.6577307692305,3309.14925,0.06724431931954797
error_storm-01,error_storm,1,1786524325000000000,1.6,0.0,1.0,0.0,0.0,1.0,172638.671375,182022.11685,13.0,13.0,0.0,1272.0,0.875,0.875,0.0,3058.996714285714,3782.6738999999993,0.14042476103287083
error_storm-02,error_storm,1,1786524335000000000,2.2,0.0,1.0,0.0,0.0,1.0,192076.85463636366,212425.1745,13.0,13.0,0.49471095758858097,1272.0,0.9090909090909091,0.9090909090909091,0.0,3111.2768,3328.18725,0.043331993116359366
error_storm-02,error_storm,1,1786524340000000000,5.0,0.0,1.0,0.0,0.0,1.0,192962.47736000002,217153.77579999994,13.0,13.0,0.3980681163448573,1272.0,0.96,0.96,0.0,3010.5454583333335,3323.699,0.11180943862368706
error_storm-02,error_storm,1,1786524345000000000,5.2,0.0,1.0,0.0,0.0,1.0,190837.09353846154,211607.2315,13.0,13.0,0.1990019691055791,1272.0,0.9615384615384616,0.9615384615384616,0.0,3232.12668,3571.7839999999987,0.38701951874632656
error_storm-02,error_storm,1,1786524350000000000,5.0,0.0,1.0,0.0,0.0,1.0,194223.22804000002,213458.7398,13.0,13.0,0.49267790354299906,1272.0,0.96,0.96,0.0,3363.1779583333337,4840.717999999998,0.3588711598969559
error_storm-02,error_storm,1,1786524355000000000,4.8,0.0,1.0,0.0,0.0,1.0,206780.85454166666,249934.62879999998,13.0,13.0,0.19878014627392113,1272.0,0.9583333333333334,0.9583333333333334,0.0,3210.4976086956526,3425.1436,0.17091046960101883
error_storm-02,error_storm,1,1786524360000000000,5.0,0.0,1.0,0.0,0.0,1.0,201637.21912,219423.713,13.0,13.0,0.3979100861524679,1272.0,0.96,0.96,0.0,3470.44875,5562.915499999996,0.41816335705850305
error_storm-02,error_storm,1,1786524365000000000,4.8,0.0,1.0,0.0,0.0,1.0,205333.66270833334,236078.27044999998,13.0,13.0,0.3953400698287315,1272.0,0.9583333333333334,0.9583333333333334,0.0,3088.686826086957,3531.4334,0.09016072562012054
error_storm-02,error_storm,1,1786524370000000000,4.8,0.0,1.0,0.0,0.0,1.0,199965.61908333332,214739.12274999998,13.0,13.0,0.39772074575784255,1272.0,0.9583333333333334,0.9583333333333334,0.0,3120.954695652174,3601.724,0.08247855032251494
error_storm-02,error_storm,1,1786524375000000000,5.0,0.0,1.0,0.0,0.0,1.0,199762.25012,224594.951,13.0,13.0,0.19862440542740117,1272.0,0.96,0.96,0.0,3124.009625,3669.5899999999997,0.0946432443061549
error_storm-02,error_storm,1,1786524380000000000,4.8,0.0,1.0,0.0,0.0,1.0,204063.417375,222965.4349,13.0,13.0,0.3977425024031377,1272.0,0.9583333333333334,0.9583333333333334,0.0,3120.754608695652,3637.5757999999996,0.09628191927236578
error_storm-02,error_storm,1,1786524385000000000,3.0,0.0,1.0,0.0,0.0,1.0,201296.9764,216652.95399999997,13.0,13.0,0.3315753490167512,1272.0,0.9333333333333333,0.9333333333333333,0.0,3546.1457857142855,5327.241549999999,0.3666760798902258
error_storm-03,error_storm,1,1786524395000000000,0.2,0.0,1.0,0.0,0.0,1.0,195628.893,195628.893,13.0,13.0,0.0,0.0,0.0,0.0,0.0,0.0,0.0,0.0
error_storm-03,error_storm,1,1786524400000000000,5.0,0.0,1.0,0.0,0.0,1.0,201262.57124,223677.97319999998,13.0,13.0,0.1988744988096635,1284.0,0.96,0.96,0.0,3074.4304166666666,3482.5083999999997,0.08655416584742011
error_storm-03,error_storm,1,1786524405000000000,5.0,0.0,1.0,0.0,0.0,1.0,197743.87076000002,215422.70059999998,13.0,13.0,0.5955066685017931,1284.0,0.96,0.96,0.0,3146.7145,3850.1847,0.13063094442813
error_storm-03,error_storm,1,1786524410000000000,5.0,0.0,1.0,0.0,0.0,1.0,198485.28304,227394.25899999996,13.0,13.0,0.19883350051999682,1284.0,0.96,0.96,0.0,3314.0545,3930.851499999999,0.3729800855953423
error_storm-03,error_storm,1,1786524415000000000,5.0,0.0,1.0,0.0,0.0,1.0,195518.52544,209408.54659999997,13.0,13.0,0.39463026598074763,1284.0,0.96,0.96,0.0,3104.5236666666665,3524.0093,0.14758533738575869
error_storm-03,error_storm,1,1786524420000000000,5.0,0.0,1.0,0.0,0.0,1.0,196317.86136,213861.98239999998,13.0,13.0,0.39764558629623015,1284.0,0.96,0.96,0.0,3078.1795,3743.2424499999997,0.10099484614102759
error_storm-03,error_storm,1,1786524425000000000,5.2,0.0,1.0,0.0,0.0,1.0,190894.71038461538,200746.34175,13.0,13.0,0.3972623897893698,1284.0,0.9615384615384616,0.9615384615384616,0.0,3365.07892,4003.994999999999,0.35337726789238283
error_storm-03,error_storm,1,1786524430000000000,5.0,0.0,1.0,0.0,0.0,1.0,196301.46284000002,223571.86659999998,13.0,13.0,0.19888519695977444,1284.0,0.96,0.96,0.0,3248.6362083333333,3614.3150499999997,0.3081625196076605
error_storm-03,error_storm,1,1786524435000000000,5.0,0.0,1.0,0.0,0.0,1.0,195619.16364,210811.8372,13.0,13.0,0.3966006672644856,1284.0,0.96,0.96,0.0,3104.6366666666668,3660.4086499999994,0.10381728967384116
error_storm-03,error_storm,1,1786524440000000000,4.8,0.0,1.0,0.0,0.0,1.0,200082.13324999998,227620.5432,13.0,13.0,0.2486999337798624,1284.0,0.9583333333333334,0.9583333333333334,0.0,3555.297695652174,6748.277299999994,0.4061425762385058
error_storm-03,error_storm,1,1786524445000000000,4.8,0.0,1.0,0.0,0.0,1.0,195268.22225,209422.65829999998,13.0,13.0,0.39729905060485216,1284.0,0.9583333333333334,0.9583333333333334,0.0,3447.73047826087,5011.725999999999,0.35788088427184184
error_storm-04,error_storm,1,1786524460000000000,3.4,0.0,1.0,0.0,0.0,1.0,197477.2342352941,224156.3264,13.0,13.0,0.3314337822570108,1280.0,0.9411764705882353,0.9411764705882353,0.0,3386.5728125,5079.57975,0.45467385817165984
error_storm-04,error_storm,1,1786524465000000000,5.0,0.0,1.0,0.0,0.0,1.0,197232.07491999998,212027.1072,13.0,13.0,0.39618347151577277,1280.0,0.96,0.96,0.0,3262.171333333333,3608.6727999999994,0.32595242238052896
error_storm-04,error_storm,1,1786524470000000000,4.8,0.0,1.0,0.0,0.0,1.0,201895.56350000002,222627.34615,13.0,13.0,0.398217815811355,1280.0,0.9583333333333334,0.9583333333333334,0.0,3152.836608695652,4645.182599999999,0.19631126751601974
error_storm-04,error_storm,1,1786524475000000000,5.0,0.0,1.0,0.0,0.0,1.0,197767.37932,217827.1844,13.0,13.0,0.3953700068825616,1280.0,0.96,0.96,0.0,3237.8645833333335,3818.639349999999,0.3221424626801506
error_storm-04,error_storm,1,1786524480000000000,5.0,0.0,1.0,0.0,0.0,1.0,195940.70356,210964.1066,13.0,13.0,0.3976421085354332,1280.0,0.96,0.96,0.0,3652.481333333333,7258.73414999999,0.4321256775258355
error_storm-04,error_storm,1,1786524485000000000,5.0,0.0,1.0,0.0,0.0,1.0,200633.26916000003,218262.4768,13.0,13.0,0.1982910926624934,1280.0,0.96,0.96,0.0,3170.2459583333334,4125.408849999999,0.1267231657687023
error_storm-04,error_storm,1,1786524490000000000,5.2,0.0,1.0,0.0,0.0,1.0,189097.54946153847,204736.53824999998,13.0,13.0,0.3966792379647587,1280.0,0.9615384615384616,0.9615384615384616,0.0,3315.48348,5930.962399999991,0.32539941309398696
error_storm-04,error_storm,1,1786524495000000000,5.0,0.0,1.0,0.0,0.0,1.0,196429.84484,215913.995,13.0,13.0,0.19879086667966378,1280.0,0.96,0.96,0.0,3368.2472083333337,4181.349299999998,0.36178657214937876
error_storm-04,error_storm,1,1786524500000000000,5.0,0.0,1.0,0.0,0.0,1.0,190810.26524,212934.12759999995,13.0,13.0,0.3976222644109722,1280.0,0.96,0.96,0.0,3377.545291666667,5273.756449999994,0.3812512203363532
error_storm-04,error_storm,1,1786524505000000000,5.2,0.0,1.0,0.0,0.0,1.0,193133.18292307694,210383.084,13.0,13.0,0.3977020668420944,1280.0,0.9615384615384616,0.9615384615384616,0.0,3478.62568,5631.673399999994,0.3842416369600557
error_storm-04,error_storm,1,1786524510000000000,1.6,0.0,1.0,0.0,0.0,1.0,194600.50925,217229.713,13.0,13.0,0.0,1280.0,0.875,0.875,0.0,2909.3117142857145,3227.0701999999997,0.09095283762133234
error_storm-05,error_storm,1,1786524520000000000,1.8,0.0,1.0,0.0,0.0,1.0,183737.54555555555,215496.00939999998,13.0,13.0,0.0,1280.0,0.8888888888888888,0.8888888888888888,0.0,3007.2311250000002,3322.5671,0.06746063270000366
error_storm-05,error_storm,1,1786524525000000000,5.0,0.0,1.0,0.0,0.0,1.0,192214.05272,220207.92759999997,13.0,13.0,0.1989334924811883,1280.0,0.96,0.96,0.0,2980.6494166666666,3220.01675,0.08742802372729948
error_storm-05,error_storm,1,1786524530000000000,5.2,0.0,1.0,0.0,0.0,1.0,192264.46546153846,209966.50024999998,13.0,13.0,0.39666148957595626,1280.0,0.9615384615384616,0.9615384615384616,0.0,3361.0986,4735.254999999998,0.2627781918882481
error_storm-05,error_storm,1,1786524535000000000,5.0,0.0,1.0,0.0,0.0,1.0,196504.17248,217889.5348,13.0,13.0,0.39796803866076236,1280.0,0.96,0.96,0.0,3359.9044166666667,3481.02945,0.391650813945568
error_storm-05,error_storm,1,1786524540000000000,5.0,0.0,1.0,0.0,0.0,1.0,194813.84388,215648.90359999996,13.0,13.0,0.39741067348300047,1280.0,0.96,0.96,0.0,3168.5160416666663,3607.4554,0.08783353043366869
error_storm-05,error_storm,1,1786524545000000000,5.0,0.0,1.0,0.0,0.0,1.0,196989.74752,209850.8148,13.0,13.0,0.39778065610025604,1280.0,0.96,0.96,0.0,3263.912291666667,3538.62055,0.35576416363411156
error_storm-05,error_storm,1,1786524550000000000,5.0,0.0,1.0,0.0,0.0,1.0,197366.88368,222087.6876,13.0,13.0,0.3971299320528061,1280.0,0.96,0.96,0.0,3452.7495,4853.445849999996,0.3873299109127921
error_storm-05,error_storm,1,1786524555000000000,5.4,0.0,1.0,0.0,0.0,1.0,183993.6318888889,206471.18050000002,13.0,13.0,0.39688363350973166,1280.0,0.962962962962963,0.962962962962963,0.0,3240.3628461538465,3572.8585,0.30798242974850726
error_storm-05,error_storm,1,1786524560000000000,5.0,0.0,1.0,0.0,0.0,1.0,198147.88267999998,219396.05199999997,13.0,13.0,0.1987715635119342,1280.0,0.96,0.96,0.0,3177.962625,5058.613099999997,0.24148871330874025
error_storm-05,error_storm,1,1786524565000000000,5.0,0.0,1.0,0.0,0.0,1.0,195394.43724,214727.56720000002,13.0,13.0,0.39646504122155213,1280.0,0.96,0.96,0.0,3302.4950833333332,4067.663199999999,0.33172835002087464
error_storm-05,error_storm,1,1786524570000000000,3.4,0.0,1.0,0.0,0.0,1.0,196657.00970588234,221310.6722,13.0,13.0,0.3274976803322927,1280.0,0.9411764705882353,0.9411764705882353,0.0,3115.074,3694.233,0.10060301217956553
error_storm-06,error_storm,1,1786524585000000000,5.2,0.0,1.0,0.0,0.0,1.0,183499.44065384616,196217.85225,13.0,13.0,0.49366714200638484,1280.0,0.9615384615384616,0.9615384615384616,0.0,3260.8329200000003,4566.2393999999995,0.33817314323871916
error_storm-06,error_storm,1,1786524590000000000,5.0,0.0,1.0,0.0,0.0,1.0,192261.01987999998,218285.3644,13.0,13.0,0.19726352429179922,1280.0,0.96,0.96,0.0,3317.5317083333334,4423.510449999998,0.3648572709127578
error_storm-06,error_storm,1,1786524595000000000,5.0,0.0,1.0,0.0,0.0,1.0,200265.00908,223397.84999999998,13.0,13.0,0.3981159431856007,1280.0,0.96,0.96,0.0,3113.0399166666666,3471.59505,0.08525730626001755
error_storm-06,error_storm,1,1786524600000000000,5.0,0.0,1.0,0.0,0.0,1.0,197536.11456000002,216176.82899999997,13.0,13.0,0.39802606445068556,1280.0,0.96,0.96,0.0,3486.32775,5085.029649999997,0.37475716488114613
error_storm-06,error_storm,1,1786524605000000000,4.8,0.0,1.0,0.0,0.0,1.0,200073.19941666667,223444.70345,13.0,13.0,0.39330264019855105,1280.0,0.9583333333333334,0.9583333333333334,0.0,3174.1485217391305,3491.6173,0.07275463823124999
error_storm-06,error_storm,1,1786524610000000000,5.0,0.0,1.0,0.0,0.0,1.0,202740.86127999998,228182.28559999994,13.0,13.0,0.19828794795015922,1280.0,0.96,0.96,0.0,3100.4870416666668,3695.548849999999,0.10642877297600212
error_storm-06,error_storm,1,1786524615000000000,5.0,0.0,1.0,0.0,0.0,1.0,195399.54788,225172.1612,13.0,13.0,0.39580567607442285,1280.0,0.96,0.96,0.0,3255.9022083333334,3535.739,0.2235433031857096
error_storm-06,error_storm,1,1786524620000000000,5.0,0.0,1.0,0.0,0.0,1.0,193893.69655999998,224251.862,13.0,13.0,0.19921791766987457,1280.0,0.96,0.96,0.0,3076.0511666666666,3542.2441499999995,0.09289481232696858
error_storm-06,error_storm,1,1786524625000000000,5.0,0.0,1.0,0.0,0.0,1.0,201638.66739999998,220936.26679999998,13.0,13.0,0.3965597541862997,1280.0,0.96,0.96,0.0,3070.0382916666663,3588.4906999999994,0.08119028730727913
error_storm-06,error_storm,1,1786524630000000000,4.8,0.0,1.0,0.0,0.0,1.0,202893.73325000002,225503.32245,13.0,13.0,0.3964403315515061,1280.0,0.9583333333333334,0.9583333333333334,0.0,3042.751347826087,3439.3104999999996,0.08021499647094552
error_storm-06,error_storm,1,1786524635000000000,0.2,0.0,1.0,0.0,0.0,1.0,190109.225,190109.225,13.0,13.0,0.0,0.0,0.0,0.0,0.0,0.0,0.0,0.0
error_storm-07,error_storm,1,1786524645000000000,3.0,0.0,1.0,0.0,0.0,1.0,201179.6604,213748.3657,13.0,13.0,0.33082139687305573,1280.0,0.9333333333333333,0.9333333333333333,0.0,3247.0710714285715,4065.1073499999998,0.1568040099164922
error_storm-07,error_storm,1,1786524650000000000,5.4,0.0,1.0,0.0,0.0,1.0,184130.82303703704,206994.8534,13.0,13.0,0.3976828575260877,1280.0,0.962962962962963,0.962962962962963,0.0,3192.3450769230767,3482.0445,0.2992445700182495
error_storm-07,error_storm,1,1786524655000000000,5.2,0.0,1.0,0.0,0.0,1.0,192180.5876153846,215235.37075,13.0,13.0,0.19896976143620113,1280.0,0.9615384615384616,0.9615384615384616,0.0,3378.66208,4326.403199999998,0.3376651562740702
error_storm-07,error_storm,1,1786524660000000000,5.0,0.0,1.0,0.0,0.0,1.0,194733.39096000002,216679.9956,13.0,13.0,0.3971807674097003,1280.0,0.96,0.96,0.0,3390.5279583333336,4325.290099999999,0.3858855151250102
error_storm-07,error_storm,1,1786524665000000000,5.0,0.0,1.0,0.0,0.0,1.0,191817.17291999998,209787.1162,13.0,13.0,0.19905589203703666,1280.0,0.96,0.96,0.0,2959.9799583333333,3440.1114499999994,0.07632583480571897
error_storm-07,error_storm,1,1786524670000000000,5.0,0.0,1.0,0.0,0.0,1.0,197400.19311999998,216538.1628,13.0,13.0,0.7447143706937924,1280.0,0.96,0.96,0.0,3071.780708333333,3584.2097999999996,0.11120086678658568
error_storm-07,error_storm,1,1786524675000000000,5.0,0.0,1.0,0.0,0.0,1.0,199027.21696,220387.55680000002,13.0,13.0,0.19890130440002513,1280.0,0.96,0.96,0.0,3123.8210833333337,3560.3175,0.06772035031892008
error_storm-07,error_storm,1,1786524680000000000,5.2,0.0,1.0,0.0,0.0,1.0,188267.32523076923,202771.81625,13.0,13.0,0.3974049269593741,1280.0,0.9615384615384616,0.9615384615384616,0.0,3147.30324,3587.7523999999994,0.11986257238791401
error_storm-07,error_storm,1,1786524685000000000,5.2,0.0,1.0,0.0,0.0,1.0,189002.4073846154,202509.235,13.0,13.0,0.19818393831035008,1280.0,0.9615384615384616,0.9615384615384616,0.0,2992.0334000000003,3483.5019999999995,0.07387630030526891
error_storm-07,error_storm,1,1786524690000000000,5.4,0.0,1.0,0.0,0.0,1.0,181723.68533333333,202698.0756,13.0,13.0,0.59620499927874,1280.0,0.962962962962963,0.962962962962963,0.0,2992.1035384615384,3406.449,0.08256553977774701
error_storm-07,error_storm,1,1786524695000000000,2.0,0.0,1.0,0.0,0.0,1.0,187167.90759999998,200922.93654999998,13.0,13.0,0.0,1280.0,0.9,0.9,0.0,3071.7237777777777,3388.644,0.07903243308596057
error_storm-08,error_storm,1,1786524705000000000,1.2,0.0,1.0,0.0,0.0,1.0,199566.48783333332,220122.82499999998,13.0,13.0,0.992039893717687,1276.0,0.8333333333333334,0.8333333333333334,0.0,2973.9924,3043.9888,0.02559434414662599
error_storm-08,error_storm,1,1786524710000000000,5.2,0.0,1.0,0.0,0.0,1.0,192622.5935,215280.87649999998,13.0,13.0,0.19906387881937807,1276.0,0.9615384615384616,0.9615384615384616,0.0,3061.7083199999997,3305.7251999999994,0.16788848145454782
error_storm-08,error_storm,1,1786524715000000000,5.2,0.0,1.0,0.0,0.0,1.0,190956.50961538462,220089.02175,13.0,13.0,0.39797875747315226,1276.0,0.9615384615384616,0.9615384615384616,0.0,3081.224,3616.0003999999994,0.09386075513546122
error_storm-08,error_storm,1,1786524720000000000,5.0,0.0,1.0,0.0,0.0,1.0,190859.60052,223239.9036,13.0,13.0,0.3969426434821397,1276.0,0.96,0.96,0.0,3030.0669583333333,3411.1098999999995,0.07513402295982327
error_storm-08,error_storm,1,1786524725000000000,5.2,0.0,1.0,0.0,0.0,1.0,191889.17023076923,214838.58175,13.0,13.0,0.3980237622676719,1276.0,0.9615384615384616,0.9615384615384616,0.0,3438.30168,6668.481999999992,0.4417563417528319
error_storm-08,error_storm,1,1786524730000000000,5.0,0.0,1.0,0.0,0.0,1.0,198941.36892,216266.5938,13.0,13.0,0.19863849461252722,1276.0,0.96,0.96,0.0,3166.15525,3697.08735,0.16829449870287932
error_storm-08,error_storm,1,1786524735000000000,4.8,0.0,1.0,0.0,0.0,1.0,200819.02354166668,215250.9645,13.0,13.0,0.3968405569533286,1276.0,0.9583333333333334,0.9583333333333334,0.0,3047.145391304348,3318.0308000000005,0.0501779847080322
error_storm-08,error_storm,1,1786524740000000000,5.0,0.0,1.0,0.0,0.0,1.0,196406.38108,217420.5524,13.0,13.0,0.39769447920134054,1276.0,0.96,0.96,0.0,3241.2237083333334,3804.0429499999996,0.22308298237315485
error_storm-08,error_storm,1,1786524745000000000,5.2,0.0,1.0,0.0,0.0,1.0,190141.47461538462,210189.0565,13.0,13.0,0.19726768144430068,1276.0,0.9615384615384616,0.9615384615384616,0.0,3110.8814399999997,3601.7753999999986,0.19326738757056455
error_storm-08,error_storm,1,1786524750000000000,5.2,0.0,1.0,0.0,0.0,1.0,190155.6401923077,212942.1375,13.0,13.0,0.39782891521730407,1276.0,0.9615384615384616,0.9615384615384616,0.0,3082.0420400000003,3298.6871999999994,0.17715783059400866
error_storm-08,error_storm,1,1786524755000000000,3.8,0.0,1.0,0.0,0.0,1.0,184441.6307368421,197094.75029999993,13.0,13.0,0.3314355258890754,1276.0,0.9473684210526316,0.9473684210526316,0.0,2995.1432222222224,3377.7482499999987,0.11873134260972583
error_storm-09,error_storm,1,1786524770000000000,4.6,0.0,1.0,0.0,0.0,1.0,194569.59995652174,211850.75739999997,13.0,13.0,0.0,1284.0,0.9565217391304348,0.9565217391304348,0.0,3084.036954545454,3380.4367,0.06407633126702847
error_storm-09,error_storm,1,1786524775000000000,5.4,0.0,1.0,0.0,0.0,1.0,186153.1515185185,200993.08889999997,13.0,13.0,0.39719427667561674,1284.0,0.962962962962963,0.962962962962963,0.0,3118.8538846153847,4555.90675,0.22544025006197016
error_storm-09,error_storm,1,1786524780000000000,5.2,0.0,1.0,0.0,0.0,1.0,187688.28846153847,205479.03074999998,13.0,13.0,0.3977940070994423,1284.0,0.9615384615384616,0.9615384615384616,0.0,3243.7125199999996,3453.8292,0.3589533580944295
error_storm-09,error_storm,1,1786524785000000000,5.0,0.0,1.0,0.0,0.0,1.0,197470.9266,241310.28159999993,13.0,13.0,0.3981969649391495,1284.0,0.96,0.96,0.0,3072.2924166666667,3449.6659999999997,0.14435988198550997
error_storm-09,error_storm,1,1786524790000000000,5.0,0.0,1.0,0.0,0.0,1.0,193328.85068,218728.6042,13.0,13.0,0.39626933537737763,1284.0,0.96,0.96,0.0,3016.433375,3368.6642,0.09231829953564458
error_storm-09,error_storm,1,1786524795000000000,5.0,0.0,1.0,0.0,0.0,1.0,196687.28212000002,214803.1736,13.0,13.0,0.39651579927356195,1284.0,0.96,0.96,0.0,3016.766208333333,3340.6400499999995,0.06943135825670398
error_storm-09,error_storm,1,1786524800000000000,5.2,0.0,1.0,0.0,0.0,1.0,194468.643,219796.39349999998,13.0,13.0,0.19904214986031152,1284.0,0.9615384615384616,0.9615384615384616,0.0,3098.8128,3722.9123999999993,0.08947070139171331
error_storm-09,error_storm,1,1786524805000000000,5.0,0.0,1.0,0.0,0.0,1.0,193971.85444,212857.7106,13.0,13.0,0.3956345529134059,1284.0,0.96,0.96,0.0,3066.7185833333333,3510.9814,0.07697930536825978
error_storm-09,error_storm,1,1786524810000000000,5.2,0.0,1.0,0.0,0.0,1.0,189810.54315384614,205856.85625,13.0,13.0,0.3979405781517367,1284.0,0.9615384615384616,0.9615384615384616,0.0,3370.53488,3944.7655999999997,0.3515165889983063
error_storm-09,error_storm,1,1786524815000000000,5.2,0.0,1.0,0.0,0.0,1.0,187874.03803846153,204902.5935,13.0,13.0,0.19876926049288018,1284.0,0.9615384615384616,0.9615384615384616,0.0,3311.68452,4225.635399999999,0.3445652887581992
error_storm-09,error_storm,1,1786524820000000000,0.4,0.0,1.0,0.0,0.0,1.0,189158.478,194225.64179999998,13.0,13.0,0.0,0.0,0.5,0.5,0.0,3100.87,3100.87,0.0
flood-00,flood,1,1786522975000000000,5.2,1.0,0.0,0.0,0.0,0.0,195479.11880769228,231105.937,38.0,38.0,0.3974346776323919,1220.0,0.23076923076923073,0.23076923076923073,0.0,1006.1252000000001,1498.7621999999992,0.4473900586912571
flood-00,flood,1,1786522980000000000,5.0,1.0,0.0,0.0,0.0,0.0,194046.13072000002,216253.1336,38.0,38.0,0.24714633815242526,1220.0,0.24,0.24,0.0,1079.1847083333334,1443.9338499999997,0.5403748276779311
flood-00,flood,1,1786522985000000000,5.2,1.0,0.0,0.0,0.0,0.0,194245.86115384614,213027.945,38.0,38.0,0.39503458709850026,1220.0,0.3076923076923077,0.3076923076923077,0.0,1074.09168,1911.241599999999,0.34426153905426937
flood-00,flood,1,1786522990000000000,5.0,1.0,0.0,0.0,0.0,0.0,195869.05028,221358.172,38.0,38.0,0.19873988558193018,1220.0,0.24,0.24,0.0,920.0080833333333,1174.0110999999997,0.2881275359301883
flood-00,flood,1,1786522995000000000,5.2,1.0,0.0,0.0,0.0,0.0,193189.27349999998,221341.73674999998,38.0,38.0,0.3952810036460791,1220.0,0.3846153846153846,0.3846153846153846,0.0,917.39356,1192.8685999999998,0.155927025355098
flood-00,flood,1,1786523000000000000,5.2,1.0,0.0,0.0,0.0,0.0,188643.83538461538,208398.66600000003,38.0,38.0,0.19730498204905464,1220.0,0.2692307692307693,0.2692307692307693,0.0,966.6569599999999,1348.4764,0.2761314884487361
flood-00,flood,1,1786523005000000000,5.2,1.0,0.0,0.0,0.0,0.0,192951.65853846155,215081.80975,38.0,38.0,0.39543699725277,1220.0,0.2692307692307693,0.2692307692307693,0.0,957.45352,1294.2871999999998,0.2561525522260465
flood-00,flood,1,1786523010000000000,5.2,1.0,0.0,0.0,0.0,0.0,190309.7286153846,220515.22900000002,38.0,38.0,0.19914096859090394,1220.0,0.3076923076923077,0.3076923076923077,0.0,965.22928,1390.8044,0.2330613835040332
flood-00,flood,1,1786523015000000000,5.4,1.0,0.0,0.0,0.0,0.0,186753.48903703704,212176.86769999997,38.0,38.0,0.3974576776989051,1220.0,0.2222222222222222,0.2222222222222222,0.0,920.4761153846155,1177.85475,0.25958842104594854
flood-00,flood,1,1786523020000000000,5.2,1.0,0.0,0.0,0.0,0.0,192840.5830769231,224701.71,38.0,38.0,0.19834884779342749,1220.0,0.34615384615384615,0.34615384615384615,0.0,1015.32848,2257.4711999999963,0.5592448822270467
flood-01,flood,1,1786523035000000000,3.2,1.0,0.0,0.0,0.0,0.0,193540.796625,228699.187,38.0,38.0,0.3303174016774703,1216.0,0.125,0.125,0.0,946.5499333333333,1367.5742,0.2261314026998324
flood-01,flood,1,1786523040000000000,5.2,1.0,0.0,0.0,0.0,0.0,195276.51038461537,223751.754,38.0,38.0,0.1979630018868883,1216.0,0.3076923076923077,0.3076923076923077,0.0,978.86768,1618.0837999999983,0.3254341090962255
flood-01,flood,1,1786523045000000000,5.0,1.0,0.0,0.0,0.0,0.0,195079.97816,224456.10799999998,38.0,38.0,0.19838379834117081,1216.0,0.31999999999999995,0.31999999999999995,0.0,1056.750875,1685.4660999999996,0.294838296139229
flood-01,flood,1,1786523050000000000,5.0,1.0,0.0,0.0,0.0,0.0,201399.71196,236146.22999999992,38.0,38.0,0.3970832761190515,1216.0,0.31999999999999995,0.31999999999999995,0.0,1066.0855416666666,1911.1413499999996,0.41505148852499874
flood-01,flood,1,1786523055000000000,5.2,1.0,0.0,0.0,0.0,0.0,193443.49953846153,225506.4625,38.0,38.0,0.39457968419812256,1216.0,0.3846153846153846,0.3846153846153846,0.0,946.51704,1241.278,0.18214393608918622
flood-01,flood,1,1786523060000000000,5.2,1.0,0.0,0.0,0.0,0.0,189881.62926923076,225119.59074999997,38.0,38.0,0.1987512052347617,1216.0,0.1923076923076923,0.1923076923076923,0.0,908.39752,1214.6529999999996,0.17697273911457853
flood-01,flood,1,1786523065000000000,5.0,1.0,0.0,0.0,0.0,0.0,196494.7334,229649.46659999999,38.0,38.0,0.1991739703736706,1216.0,0.19999999999999996,0.19999999999999996,0.0,1109.7782083333334,1799.0909499999998,0.6618888373594055
flood-01,flood,1,1786523070000000000,5.0,1.0,0.0,0.0,0.0,0.0,198344.70752,219849.675,38.0,38.0,0.4966812748026016,1216.0,0.24,0.24,0.0,976.859125,1797.7195499999984,0.4910947811095564
flood-01,flood,1,1786523075000000000,5.2,1.0,0.0,0.0,0.0,0.0,189141.18973076923,210776.188,38.0,38.0,0.19866540336793545,1216.0,0.23076923076923073,0.23076923076923073,0.0,976.65424,1268.5746,0.3928146543623987
flood-01,flood,1,1786523080000000000,5.2,1.0,0.0,0.0,0.0,0.0,193172.26073076922,222773.86025,38.0,38.0,0.19913732872818174,1216.0,0.34615384615384615,0.34615384615384615,0.0,991.8905199999999,1554.2645999999986,0.5282858301975303
flood-01,flood,1,1786523085000000000,2.0,1.0,0.0,0.0,0.0,0.0,185707.52719999998,208897.22599999997,38.0,38.0,0.9925345108398156,1216.0,0.4,0.4,0.0,991.6015555555556,1448.3858,0.27342420223480124
flood-02,flood,1,1786523095000000000,1.6,1.0,0.0,0.0,0.0,0.0,184047.398625,214433.61834999998,38.0,38.0,0.0,1220.0,0.0,0.0,0.0,1011.0898571428571,1417.5592999999994,0.24624209177862064
flood-02,flood,1,1786523100000000000,5.2,1.0,0.0,0.0,0.0,0.0,190185.68930769232,218436.58750000002,38.0,38.0,0.397354796022214,1220.0,0.34615384615384615,0.34615384615384615,0.0,915.4077199999999,1176.9853999999996,0.22694394537245743
flood-02,flood,1,1786523105000000000,5.2,1.0,0.0,0.0,0.0,0.0,193011.47461538462,213896.39800000002,38.0,38.0,0.19894844545778084,1220.0,0.3846153846153846,0.3846153846153846,0.0,918.69732,1093.5942,0.2553777795107917
flood-02,flood,1,1786523110000000000,5.2,1.0,0.0,0.0,0.0,0.0,191971.25469230767,216838.46600000001,38.0,38.0,0.39735350202417996,1220.0,0.15384615384615385,0.15384615384615385,0.0,984.99424,1495.1627999999996,0.25647686940472314
flood-02,flood,1,1786523115000000000,5.2,1.0,0.0,0.0,0.0,0.0,190909.4814230769,213093.01400000002,38.0,38.0,0.19910544710093808,1220.0,0.1923076923076923,0.1923076923076923,0.0,889.6210799999999,1070.9019999999998,0.12696354796137796
flood-02,flood,1,1786523120000000000,5.2,1.0,0.0,0.0,0.0,0.0,188949.7906923077,209148.99975000002,38.0,38.0,0.39683664682938474,1220.0,0.3076923076923077,0.3076923076923077,0.0,949.67856,1250.3005999999996,0.19051509348718315
flood-02,flood,1,1786523125000000000,5.2,1.0,0.0,0.0,0.0,0.0,191440.87942307693,213691.79725,38.0,38.0,0.19901207084530806,1220.0,0.34615384615384615,0.34615384615384615,0.0,926.2802,1355.0867999999996,0.21237362229092088
flood-02,flood,1,1786523130000000000,5.2,1.0,0.0,0.0,0.0,0.0,192525.33380769228,212861.44275000002,38.0,38.0,0.19915012980829505,1220.0,0.2692307692307693,0.2692307692307693,0.0,1135.4160399999998,1492.0737999999997,0.711188370700429
flood-02,flood,1,1786523135000000000,5.4,1.0,0.0,0.0,0.0,0.0,184987.57188888887,208783.0859,38.0,38.0,0.595263692610706,1220.0,0.37037037037037035,0.37037037037037035,0.0,901.977923076923,1082.27275,0.25014050680303174
flood-02,flood,1,1786523140000000000,5.0,1.0,0.0,0.0,0.0,0.0,194406.08624,219431.9938,38.0,38.0,0.0,1220.0,0.28,0.28,0.0,906.4254166666666,1238.98225,0.1978179273133543
flood-02,flood,1,1786523145000000000,4.0,1.0,0.0,0.0,0.0,0.0,177599.9798,193489.63595,38.0,38.0,0.32990015185591,1220.0,0.30000000000000004,0.30000000000000004,0.0,934.2305263157896,1435.2069999999999,0.2522471666398077
flood-03,flood,1,1786523160000000000,5.2,1.0,0.0,0.0,0.0,0.0,188368.05288461538,214479.6815,38.0,38.0,0.24864745110876252,1216.0,0.34615384615384615,0.34615384615384615,0.0,966.10108,1423.3187999999993,0.3331635897041408
flood-03,flood,1,1786523165000000000,5.2,1.0,0.0,0.0,0.0,0.0,191639.2616923077,217594.97025,38.0,38.0,0.1987238410008521,1216.0,0.34615384615384615,0.34615384615384615,0.0,995.8637200000001,1325.5809999999997,0.6568338068376273
flood-03,flood,1,1786523170000000000,5.2,1.0,0.0,0.0,0.0,0.0,190261.27084615387,212142.78525000002,38.0,38.0,0.3966905038495591,1216.0,0.34615384615384615,0.34615384615384615,0.0,889.24772,1055.6736,0.1457509736375901
flood-03,flood,1,1786523175000000000,5.2,1.0,0.0,0.0,0.0,0.0,188780.9986153846,217263.06575,38.0,38.0,0.19888126246977436,1216.0,0.23076923076923073,0.23076923076923073,0.0,874.0989999999999,1043.5639999999999,0.1283745290588815
flood-03,flood,1,1786523180000000000,5.2,1.0,0.0,0.0,0.0,0.0,197371.9781153846,221329.54125,38.0,38.0,0.1991332064077525,1216.0,0.3846153846153846,0.3846153846153846,0.0,842.4811199999999,1139.6552,0.16200540137450423
flood-03,flood,1,1786523185000000000,5.2,1.0,0.0,0.0,0.0,0.0,188856.7000769231,223530.6545,38.0,38.0,0.5944950117123894,1216.0,0.34615384615384615,0.34615384615384615,0.0,909.10336,1308.1287999999997,0.337409460824675
flood-03,flood,1,1786523190000000000,5.2,1.0,0.0,0.0,0.0,0.0,191127.13442307693,216196.18224999998,38.0,38.0,0.1974592889594473,1216.0,0.3076923076923077,0.3076923076923077,0.0,957.08136,1401.6461999999992,0.3343525573109796
flood-03,flood,1,1786523195000000000,5.4,1.0,0.0,0.0,0.0,0.0,186534.9063703704,215874.8078,38.0,38.0,0.197691485747376,1216.0,0.33333333333333337,0.33333333333333337,0.0,1023.2704230769231,1522.5165000000002,0.40779717561819256
flood-03,flood,1,1786523200000000000,5.0,1.0,0.0,0.0,0.0,0.0,193246.22176,217272.59019999998,38.0,38.0,0.19794651806349123,1216.0,0.24,0.24,0.0,978.9194583333333,1372.5778499999997,0.3786022991920979
flood-03,flood,1,1786523205000000000,5.4,1.0,0.0,0.0,0.0,0.0,189748.32125925925,208633.81459999998,38.0,38.0,0.39779177543055655,1216.0,0.2592592592592593,0.2592592592592593,0.0,887.1651923076923,1197.5952499999999,0.18045518343645567
flood-03,flood,1,1786523210000000000,0.2,1.0,0.0,0.0,0.0,0.0,199227.131,199227.131,38.0,38.0,0.0,0.0,0.0,0.0,0.0,0.0,0.0,0.0
flood-04,flood,1,1786523220000000000,3.2,1.0,0.0,0.0,0.0,0.0,197690.8615,229341.74599999998,38.0,38.0,0.33180602224957406,1220.0,0.0625,0.0625,0.0,893.9035333333334,1111.3604999999998,0.15361605984609764
flood-04,flood,1,1786523225000000000,5.2,1.0,0.0,0.0,0.0,0.0,192914.6323076923,216512.43875000003,38.0,38.0,0.39750514197229997,1220.0,0.2692307692307693,0.2692307692307693,0.0,993.4414400000001,1450.9205999999997,0.22939307322994013
flood-04,flood,1,1786523230000000000,5.2,1.0,0.0,0.0,0.0,0.0,191155.97696153846,221676.80899999998,38.0,38.0,0.19878007455686,1220.0,0.3846153846153846,0.3846153846153846,0.0,1019.2430400000001,1721.520399999999,0.3255370198613225
flood-04,flood,1,1786523235000000000,5.2,1.0,0.0,0.0,0.0,0.0,190027.01257692307,221693.81125,38.0,38.0,0.19909813125797157,1220.0,0.23076923076923073,0.23076923076923073,0.0,898.0964,1271.8743999999997,0.19913288141955468
flood-04,flood,1,1786523240000000000,5.2,1.0,0.0,0.0,0.0,0.0,190957.70357692306,219588.68675,38.0,38.0,0.3979123781122018,1220.0,0.2692307692307693,0.2692307692307693,0.0,922.7264,1237.0759999999996,0.19058183062488943
flood-04,flood,1,1786523245000000000,5.2,1.0,0.0,0.0,0.0,0.0,192941.73480769232,222785.81550000003,38.0,38.0,0.39780547111173065,1220.0,0.34615384615384615,0.34615384615384615,0.0,955.1211599999999,1530.0736,0.2737741018222715
flood-04,flood,1,1786523250000000000,5.2,1.0,0.0,0.0,0.0,0.0,190822.94650000002,214712.89475,38.0,38.0,0.19816842790871683,1220.0,0.42307692307692313,0.42307692307692313,0.0,1032.92712,1533.0799999999995,0.2440393745312127
flood-04,flood,1,1786523255000000000,5.0,1.0,0.0,0.0,0.0,0.0,193577.1576,225126.58099999998,38.0,38.0,0.3977655522163719,1220.0,0.28,0.28,0.0,1000.734125,1331.8153499999996,0.32673074688444226
flood-04,flood,1,1786523260000000000,5.4,1.0,0.0,0.0,0.0,0.0,188329.88125925924,213991.82650000002,38.0,38.0,0.24853157257714317,1220.0,0.2962962962962963,0.2962962962962963,0.0,904.9568461538462,1413.468,0.24987358376956473
flood-04,flood,1,1786523265000000000,5.4,1.0,0.0,0.0,0.0,0.0,186052.9924814815,205609.9309,38.0,38.0,0.3977905708334094,1220.0,0.18518518518518523,0.18518518518518523,0.0,1055.0837307692307,1640.958,0.27893006078149435
flood-04,flood,1,1786523270000000000,1.8,1.0,0.0,0.0,0.0,0.0,198064.5727777778,243200.96859999996,38.0,38.0,0.4967589079306613,1220.0,0.0,0.0,0.0,1696.6511249999999,5135.963749999996,1.242735797171104
flood-05,flood,1,1786523280000000000,1.4,1.0,0.0,0.0,0.0,0.0,194477.82342857143,214683.23599999998,38.0,38.0,0.9960284411738057,1216.0,0.1428571428571429,0.1428571428571429,0.0,912.9628333333334,1423.23925,0.3441055193563849
flood-05,flood,1,1786523285000000000,5.2,1.0,0.0,0.0,0.0,0.0,191445.96696153845,220808.33725,38.0,38.0,0.39543462412042674,1216.0,0.2692307692307693,0.2692307692307693,0.0,971.29788,1473.3049999999996,0.27794401955748727
flood-05,flood,1,1786523290000000000,5.2,1.0,0.0,0.0,0.0,0.0,192115.0356153846,216588.403,38.0,38.0,0.19786194302038645,1216.0,0.3076923076923077,0.3076923076923077,0.0,887.13504,1222.7073999999993,0.174226633806571
flood-05,flood,1,1786523295000000000,5.4,1.0,0.0,0.0,0.0,0.0,186251.2308888889,207487.0774,38.0,38.0,0.39793947286877296,1216.0,0.37037037037037035,0.37037037037037035,0.0,1001.1734615384614,1288.763,0.300976270603291
flood-05,flood,1,1786523300000000000,5.2,1.0,0.0,0.0,0.0,0.0,188809.09553846155,214027.47249999997,38.0,38.0,0.39783055880891405,1216.0,0.2692307692307693,0.2692307692307693,0.0,995.21648,1571.7859999999998,0.28934950917518937
flood-05,flood,1,1786523305000000000,5.4,1.0,0.0,0.0,0.0,0.0,184505.58537037036,226044.1481,38.0,38.0,0.19914443527886608,1216.0,0.40740740740740744,0.40740740740740744,0.0,1040.6811153846154,2348.3484999999996,0.6066773405142496
flood-05,flood,1,1786523310000000000,5.2,1.0,0.0,0.0,0.0,0.0,191695.92926923078,220286.61125000002,38.0,38.0,0.39749487387238214,1216.0,0.23076923076923073,0.23076923076923073,0.0,992.87136,1609.1555999999998,0.30202620077482795
flood-05,flood,1,1786523315000000000,5.2,1.0,0.0,0.0,0.0,0.0,193671.4258076923,224330.81149999998,38.0,38.0,0.196589043852944,1216.0,0.2692307692307693,0.2692307692307693,0.0,876.5576,1249.1853999999992,0.24191260378816049
flood-05,flood,1,1786523320000000000,5.0,1.0,0.0,0.0,0.0,0.0,195780.76928,227722.69479999994,38.0,38.0,0.39553395609206693,1216.0,0.28,0.28,0.0,987.6022916666666,1222.6958,0.19697629579473871
flood-05,flood,1,1786523325000000000,5.0,1.0,0.0,0.0,0.0,0.0,199432.16732,222901.10379999998,38.0,38.0,0.19904719551025724,1216.0,0.28,0.28,0.0,1010.4275833333332,1534.8686499999997,0.28019916200631556
flood-05,flood,1,1786523330000000000,3.8,1.0,0.0,0.0,0.0,0.0,183068.99031578947,200899.32449999996,38.0,38.0,0.3318158366494261,1216.0,0.21052631578947367,0.21052631578947367,0.0,940.4391666666666,1480.7730499999996,0.30132402171272726
flood-06,flood,1,1786523345000000000,4.8,1.0,0.0,0.0,0.0,0.0,197629.2465,236298.8821,38.0,38.0,0.24860899142389076,1220.0,0.29166666666666663,0.29166666666666663,0.0,1048.4645652173913,1495.6116999999997,0.3701366224614015
flood-06,flood,1,1786523350000000000,5.2,1.0,0.0,0.0,0.0,0.0,188050.10907692308,214673.4535,38.0,38.0,0.39261536809696274,1220.0,0.34615384615384615,0.34615384615384615,0.0,981.17788,1422.1179999999997,0.4264384577071108
flood-06,flood,1,1786523355000000000,5.4,1.0,0.0,0.0,0.0,0.0,190628.85222222222,218044.373,38.0,38.0,0.1990883638303376,1220.0,0.40740740740740744,0.40740740740740744,0.0,883.1979615384615,1119.7395,0.16102013754483566
flood-06,flood,1,1786523360000000000,5.2,1.0,0.0,0.0,0.0,0.0,187388.67526923076,221078.15924999997,38.0,38.0,0.19824732356349511,1220.0,0.23076923076923073,0.23076923076923073,0.0,930.5376799999999,1521.4513999999992,0.2547084007311548
flood-06,flood,1,1786523365000000000,5.4,1.0,0.0,0.0,0.0,0.0,188182.94611111112,213610.92510000002,38.0,38.0,0.5942208575551176,1220.0,0.2962962962962963,0.2962962962962963,0.0,966.179576923077,1272.813,0.20510618436851505
flood-06,flood,1,1786523370000000000,5.2,1.0,0.0,0.0,0.0,0.0,188447.06503846153,207660.59175,38.0,38.0,0.198113260832161,1220.0,0.23076923076923073,0.23076923076923073,0.0,974.55052,1202.0207999999998,0.5249914576886594
flood-06,flood,1,1786523375000000000,5.2,1.0,0.0,0.0,0.0,0.0,188260.53103846154,212686.569,38.0,38.0,0.19880872697467902,1220.0,0.3846153846153846,0.3846153846153846,0.0,1083.48748,2290.8995999999956,0.8245665465010763
flood-06,flood,1,1786523380000000000,5.2,1.0,0.0,0.0,0.0,0.0,191210.99803846155,221574.09475000002,38.0,38.0,0.1988140343236386,1220.0,0.23076923076923073,0.23076923076923073,0.0,973.6588800000001,1662.776199999999,0.2845258352755739
flood-06,flood,1,1786523385000000000,5.2,1.0,0.0,0.0,0.0,0.0,190908.65992307692,217025.77474999998,38.0,38.0,0.39705609234293926,1220.0,0.2692307692307693,0.2692307692307693,0.0,1090.13104,1400.7095999999997,0.6541467888764997
flood-06,flood,1,1786523390000000000,5.4,1.0,0.0,0.0,0.0,0.0,189152.73,220208.45380000002,38.0,38.0,0.39746284142241006,1220.0,0.40740740740740744,0.40740740740740744,0.0,899.8031923076924,1196.7265,0.18499164866359505
flood-06,flood,1,1786523395000000000,0.2,1.0,0.0,0.0,0.0,0.0,182272.585,182272.585,38.0,38.0,0.0,0.0,0.0,0.0,0.0,0.0,0.0,0.0
flood-07,flood,1,1786523405000000000,2.8,1.0,0.0,0.0,0.0,0.0,198619.91978571427,238760.58775,38.0,38.0,0.4950563288853571,1220.0,0.1428571428571429,0.1428571428571429,0.0,1027.6343076923079,2027.7819999999992,0.4606723513141725
flood-07,flood,1,1786523410000000000,5.2,1.0,0.0,0.0,0.0,0.0,192589.9296923077,226752.31075,38.0,38.0,0.3965475223863317,1220.0,0.23076923076923073,0.23076923076923073,0.0,996.1763599999999,1501.0558,0.27586404780117973
flood-07,flood,1,1786523415000000000,5.0,1.0,0.0,0.0,0.0,0.0,203847.82056000002,232970.95879999996,38.0,38.0,0.19869734082961307,1220.0,0.31999999999999995,0.31999999999999995,0.0,1039.6372916666667,1389.0600499999998,0.4073487645279813
flood-07,flood,1,1786523420000000000,5.0,1.0,0.0,0.0,0.0,0.0,195686.51136,225071.80339999998,38.0,38.0,0.19755977855891882,1220.0,0.31999999999999995,0.31999999999999995,0.0,1028.72675,1584.5784999999994,0.2689439946745602
flood-07,flood,1,1786523425000000000,5.6,1.0,0.0,0.0,0.0,0.0,175961.11732142858,195344.5892,38.0,38.0,0.39690109770071996,1220.0,0.3928571428571429,0.3928571428571429,0.0,1042.664962962963,1826.8085999999998,0.4576603640699356
flood-07,flood,1,1786523430000000000,5.4,1.0,0.0,0.0,0.0,0.0,186446.39933333333,211043.08090000003,38.0,38.0,0.39713671795058725,1220.0,0.2962962962962963,0.2962962962962963,0.0,920.8461538461538,1373.97775,0.2433214476781665
flood-07,flood,1,1786523435000000000,5.2,1.0,0.0,0.0,0.0,0.0,190378.18288461538,217569.68550000002,38.0,38.0,0.19894869956481234,1220.0,0.23076923076923073,0.23076923076923073,0.0,950.4860799999999,1639.2045999999984,0.29845297787336095
flood-07,flood,1,1786523440000000000,5.4,1.0,0.0,0.0,0.0,0.0,188278.31337037036,212264.0502,38.0,38.0,0.39782386297977707,1220.0,0.14814814814814814,0.14814814814814814,0.0,981.8137692307693,1197.74975,0.5377845391152536
flood-07,flood,1,1786523445000000000,5.2,1.0,0.0,0.0,0.0,0.0,190015.91449999998,213737.12099999998,38.0,38.0,0.19666622023762453,1220.0,0.3076923076923077,0.3076923076923077,0.0,1052.252,1885.537399999998,0.5668283671366071
flood-07,flood,1,1786523450000000000,5.0,1.0,0.0,0.0,0.0,0.0,193815.61304000003,222533.13739999998,38.0,38.0,0.3979560781848097,1220.0,0.31999999999999995,0.31999999999999995,0.0,878.4632916666666,1039.8049499999997,0.12708427024831537
flood-07,flood,1,1786523455000000000,2.4,1.0,0.0,0.0,0.0,0.0,189614.77183333333,214918.3718,38.0,38.0,0.49494691813585207,1220.0,0.08333333333333337,0.08333333333333337,0.0,976.4845454545455,1453.399,0.25311452608083734
flood-08,flood,1,1786523465000000000,1.2,1.0,0.0,0.0,0.0,0.0,210192.7603333333,236627.75625,38.0,38.0,0.0,1212.0,0.0,0.0,0.0,959.0768,1268.0751999999998,0.2300442727363675
flood-08,flood,1,1786523470000000000,5.2,1.0,0.0,0.0,0.0,0.0,190892.39376923075,216794.9165,38.0,38.0,0.1983859641327283,1212.0,0.34615384615384615,0.34615384615384615,0.0,890.6474800000001,1197.1201999999996,0.1864442190476286
flood-08,flood,1,1786523475000000000,5.4,1.0,0.0,0.0,0.0,0.0,186863.32837037038,215081.7144,38.0,38.0,0.39827318822384034,1212.0,0.33333333333333337,0.33333333333333337,0.0,1026.6656153846154,1463.79075,0.2843817614697364
flood-08,flood,1,1786523480000000000,5.0,1.0,0.0,0.0,0.0,0.0,192867.72032000002,218899.6366,38.0,38.0,0.3978589639195508,1212.0,0.19999999999999996,0.19999999999999996,0.0,1135.181875,2436.2181999999975,0.6558788085599777
flood-08,flood,1,1786523485000000000,5.4,1.0,0.0,0.0,0.0,0.0,188877.4862962963,219394.72209999998,38.0,38.0,0.19888231064984752,1212.0,0.2592592592592593,0.2592592592592593,0.0,1118.448846153846,1799.634,0.5758504602087023
flood-08,flood,1,1786523490000000000,5.2,1.0,0.0,0.0,0.0,0.0,186342.32407692308,218994.2515,38.0,38.0,0.394570653065386,1212.0,0.3076923076923077,0.3076923076923077,0.0,943.28828,1369.2329999999995,0.26538130598528015
flood-08,flood,1,1786523495000000000,5.4,1.0,0.0,0.0,0.0,0.0,187036.70674074074,216892.8905,38.0,38.0,0.19886310855721828,1212.0,0.2962962962962963,0.2962962962962963,0.0,879.979,1178.0075,0.1902437828834655
flood-08,flood,1,1786523500000000000,5.4,1.0,0.0,0.0,0.0,0.0,185970.17548148148,208183.0363,38.0,38.0,0.39779766780657705,1212.0,0.33333333333333337,0.33333333333333337,0.0,953.8480769230769,1820.82425,0.3562758252732147
flood-08,flood,1,1786523505000000000,5.2,1.0,0.0,0.0,0.0,0.0,188265.05788461538,211255.59649999999,38.0,38.0,0.39745279061907535,1212.0,0.2692307692307693,0.2692307692307693,0.0,1026.02032,1527.0528,0.2825240053441483
flood-08,flood,1,1786523510000000000,5.0,1.0,0.0,0.0,0.0,0.0,195331.95103999999,233512.15599999993,38.0,38.0,0.19868172036073767,1212.0,0.28,0.28,0.0,1067.8347916666667,1555.9811499999996,0.24414514798265116
flood-08,flood,1,1786523515000000000,3.8,1.0,0.0,0.0,0.0,0.0,196229.03721052632,227047.26359999998,38.0,38.0,0.33070262077200435,1212.0,0.368421052631579,0.368421052631579,0.0,973.9514444444444,1472.0847999999992,0.3013824242914621
flood-09,flood,1,1786523530000000000,5.2,1.0,0.0,0.0,0.0,0.0,183172.73500000002,208399.11675,38.0,38.0,0.49690800961836135,1220.0,0.42307692307692313,0.42307692307692313,0.0,987.54284,1526.1613999999995,0.3425800370684947
flood-09,flood,1,1786523535000000000,5.4,1.0,0.0,0.0,0.0,0.0,182798.7674074074,205093.42829999997,38.0,38.0,0.1991126627810481,1220.0,0.37037037037037035,0.37037037037037035,0.0,852.9338461538462,1128.39975,0.18257380390836656
flood-09,flood,1,1786523540000000000,5.2,1.0,0.0,0.0,0.0,0.0,194677.35088461539,221699.52474999998,38.0,38.0,0.39587437814555776,1220.0,0.3076923076923077,0.3076923076923077,0.0,1026.27352,1689.4283999999993,0.4671747109503179
flood-09,flood,1,1786523545000000000,5.0,1.0,0.0,0.0,0.0,0.0,195402.38019999999,222815.74300000002,38.0,38.0,0.19912494820287174,1220.0,0.43999999999999995,0.43999999999999995,0.0,908.0863333333333,1164.6674,0.16155722036465683
flood-09,flood,1,1786523550000000000,5.2,1.0,0.0,0.0,0.0,0.0,189205.8035769231,212664.03499999997,38.0,38.0,0.39674917171563895,1220.0,0.34615384615384615,0.34615384615384615,0.0,914.8379600000001,1281.8089999999995,0.21631789365841242
flood-09,flood,1,1786523555000000000,5.4,1.0,0.0,0.0,0.0,0.0,183906.01255555556,225968.729,38.0,38.0,0.19893498069268872,1220.0,0.2962962962962963,0.2962962962962963,0.0,890.8064230769231,1433.5855000000001,0.288926734357821
flood-09,flood,1,1786523560000000000,5.0,1.0,0.0,0.0,0.0,0.0,198060.23012,228608.57919999998,38.0,38.0,0.3971939215957727,1220.0,0.24,0.24,0.0,922.4380833333333,1235.83135,0.18210572379126005
flood-09,flood,1,1786523565000000000,5.2,1.0,0.0,0.0,0.0,0.0,198369.84123076923,221819.862,38.0,38.0,0.19800764097824008,1220.0,0.15384615384615385,0.15384615384615385,0.0,1106.21852,2128.702799999998,0.48551503808915697
flood-09,flood,1,1786523570000000000,4.8,1.0,0.0,0.0,0.0,0.0,201280.4612916667,230464.9474,38.0,38.0,0.19871206187948454,1220.0,0.33333333333333337,0.33333333333333337,0.0,968.7695652173913,1673.5027999999993,0.30422904945121887
flood-09,flood,1,1786523575000000000,5.2,1.0,0.0,0.0,0.0,0.0,193896.15361538462,219906.4745,38.0,38.0,0.3974001431485696,1220.0,0.3076923076923077,0.3076923076923077,0.0,1070.02268,2719.080799999996,0.562863667077666
flood-09,flood,1,1786523580000000000,0.2,1.0,0.0,0.0,0.0,0.0,221030.254,221030.254,38.0,38.0,0.0,0.0,0.0,0.0,0.0,0.0,0.0,0.0
large_value-00,large_value,0,1786522355000000000,1.2,1.0,0.0,0.0,0.0,0.0,209829.89099999997,237515.7305,3078.0,3078.0,0.0,1280.0,0.0,0.0,0.0,21166.7162,21287.954599999997,0.003940621298097444
large_value-00,large_value,0,1786522360000000000,5.0,1.0,0.0,0.0,0.0,0.0,181577.84568,209585.6744,3078.0,3078.0,0.3969597898980997,1280.0,0.31999999999999995,0.31999999999999995,0.0,21262.981499999998,22235.4739,0.022220477261261973
large_value-00,large_value,0,1786522365000000000,4.6,1.0,0.0,0.0,0.0,0.0,193839.7535652174,217958.1024,3078.0,3078.0,0.3937725452279965,1280.0,0.21739130434782605,0.21739130434782605,0.0,21422.2105,22809.6329,0.03445526807009772
large_value-00,large_value,0,1786522370000000000,4.8,1.0,0.0,0.0,0.0,0.0,190248.47079166665,222515.1887,3078.0,3078.0,0.3984818629197191,1280.0,0.29166666666666663,0.29166666666666663,0.0,21442.94982608696,21697.8212,0.05027097159170438
large_value-00,large_value,0,1786522375000000000,4.6,1.0,0.0,0.0,0.0,0.0,191133.30460869565,216678.1959,3078.0,3078.0,0.1991553552524016,1280.0,0.17391304347826086,0.17391304347826086,0.0,21146.32622727273,21621.2576,0.013100898282652602
large_value-00,large_value,0,1786522380000000000,4.8,1.0,0.0,0.0,0.0,0.0,189910.52454166664,209192.98115,3078.0,3078.0,0.5953665656941951,1280.0,0.29166666666666663,0.29166666666666663,0.0,21277.78547826087,21473.8646,0.03625771722105833
large_value-00,large_value,0,1786522385000000000,4.8,1.0,0.0,0.0,0.0,0.0,189651.52683333334,214442.90714999998,3078.0,3078.0,0.198591689811982,1280.0,0.25,0.25,0.0,21117.565130434785,21354.971,0.009377074068009748
large_value-00,large_value,0,1786522390000000000,4.8,1.0,0.0,0.0,0.0,0.0,184650.79029166666,210870.3952,3078.0,3078.0,0.3978694322666392,1280.0,0.375,0.375,0.0,21150.573913043478,21419.716899999996,0.007999557426224478
large_value-00,large_value,0,1786522395000000000,5.0,1.0,0.0,0.0,0.0,0.0,183614.58916,211206.54320000001,3078.0,3078.0,0.3967105129104255,1280.0,0.31999999999999995,0.31999999999999995,0.0,21197.90229166667,21896.0905,0.020651420348620005
large_value-00,large_value,0,1786522400000000000,4.8,1.0,0.0,0.0,0.0,0.0,183431.77816666666,218327.99855,3078.0,3078.0,0.39828115663627295,1280.0,0.25,0.25,0.0,21096.197695652176,21432.1696,0.0102526738610688
large_value-00,large_value,0,1786522405000000000,3.4,1.0,0.0,0.0,0.0,0.0,185507.36382352942,209893.166,3078.0,3078.0,0.3312491060083503,1280.0,0.17647058823529416,0.17647058823529416,0.0,21471.6068125,22538.417250000002,0.035078393918465546
large_value-01,large_value,0,1786522420000000000,3.8,1.0,0.0,0.0,0.0,0.0,227387.85489473684,281952.21419999993,3078.0,3078.0,0.24844196824432652,1268.0,0.3157894736842105,0.3157894736842105,0.0,21372.060388888887,21884.668199999996,0.0165394541220126
large_value-01,large_value,0,1786522425000000000,4.6,1.0,0.0,0.0,0.0,0.0,200272.479,221752.47309999997,3078.0,3078.0,0.3979365455345315,1268.0,0.21739130434782605,0.21739130434782605,0.0,21221.133772727273,21557.23775,0.011209427383328243
large_value-01,large_value,0,1786522430000000000,4.4,1.0,0.0,0.0,0.0,0.0,210378.9433181818,249971.45625000002,3078.0,3078.0,0.19878459164731915,1268.0,0.2272727272727273,0.2272727272727273,0.0,21448.335476190474,22140.259,0.05369012345632058
large_value-01,large_value,0,1786522435000000000,4.2,1.0,0.0,0.0,0.0,0.0,206941.80076190474,243777.009,3078.0,3078.0,0.39725756011986535,1268.0,0.2857142857142857,0.2857142857142857,0.0,21542.55475,22657.905100000004,0.055630458567389525
large_value-01,large_value,0,1786522440000000000,4.8,1.0,0.0,0.0,0.0,0.0,192824.69175,216379.9282,3078.0,3078.0,0.39792066186695113,1268.0,0.29166666666666663,0.29166666666666663,0.0,21134.836086956522,21681.557,0.017001016728512487
large_value-01,large_value,0,1786522445000000000,4.8,1.0,0.0,0.0,0.0,0.0,188779.21354166666,218756.10215,3078.0,3078.0,0.39714726825276375,1268.0,0.29166666666666663,0.29166666666666663,0.0,21508.309652173913,23984.441399999996,0.05718902907306965
large_value-01,large_value,0,1786522450000000000,4.8,1.0,0.0,0.0,0.0,0.0,187508.82866666667,205933.94305,3078.0,3078.0,0.5954035836596696,1268.0,0.29166666666666663,0.29166666666666663,0.0,21405.480086956522,22289.7845,0.02728907703603022
large_value-01,large_value,0,1786522455000000000,4.6,1.0,0.0,0.0,0.0,0.0,193502.29065217395,214889.726,3078.0,3078.0,0.19909921997833407,1268.0,0.17391304347826086,0.17391304347826086,0.0,21388.914545454547,22324.1194,0.04670039962790128
large_value-01,large_value,0,1786522460000000000,4.6,1.0,0.0,0.0,0.0,0.0,193274.82034782608,219099.0049,3078.0,3078.0,0.3973427416512826,1268.0,0.26086956521739135,0.26086956521739135,0.0,21334.22190909091,21796.136300000002,0.024694566900061825
large_value-01,large_value,0,1786522465000000000,5.0,1.0,0.0,0.0,0.0,0.0,183178.6362,207039.3592,3078.0,3078.0,0.397522177879076,1268.0,0.28,0.28,0.0,21434.040708333334,23269.57135,0.04115219240029438
large_value-01,large_value,0,1786522470000000000,0.2,1.0,0.0,0.0,0.0,0.0,190098.151,190098.151,3078.0,3078.0,0.0,0.0,0.0,0.0,0.0,0.0,0.0,0.0
large_value-02,large_value,0,1786522480000000000,3.2,1.0,0.0,0.0,0.0,0.0,179502.459625,201327.73849999998,3078.0,3078.0,0.33073039549286726,1280.0,0.25,0.25,0.0,21161.102466666667,21492.1852,0.011898216306926005
large_value-02,large_value,0,1786522485000000000,4.8,1.0,0.0,0.0,0.0,0.0,183583.94220833332,209204.77115,3078.0,3078.0,0.39772272383301344,1280.0,0.29166666666666663,0.29166666666666663,0.0,21132.484217391302,21381.2217,0.009762725695627873
large_value-02,large_value,0,1786522490000000000,4.4,1.0,0.0,0.0,0.0,0.0,201732.94904545453,236738.45765,3078.0,3078.0,0.3981453442693891,1280.0,0.40909090909090906,0.40909090909090906,0.0,21284.454095238096,21706.945,0.013466145770331053
large_value-02,large_value,0,1786522495000000000,5.0,1.0,0.0,0.0,0.0,0.0,180176.12076000002,204431.01359999998,3078.0,3078.0,0.19866231070810622,1280.0,0.24,0.24,0.0,21152.224333333335,21459.72525,0.028026397652343493
large_value-02,large_value,0,1786522500000000000,4.8,1.0,0.0,0.0,0.0,0.0,188649.29529166667,204090.65695,3078.0,3078.0,0.5938921905866426,1280.0,0.25,0.25,0.0,21174.06443478261,21447.305800000002,0.012037542501449696
large_value-02,large_value,0,1786522505000000000,4.8,1.0,0.0,0.0,0.0,0.0,186454.48279166667,221250.599,3078.0,3078.0,0.1992462980772538,1280.0,0.25,0.25,0.0,21310.500913043477,22077.8202,0.01676640990761587
large_value-02,large_value,0,1786522510000000000,4.8,1.0,0.0,0.0,0.0,0.0,187316.31908333334,212654.76704999997,3078.0,3078.0,0.3977696904722329,1280.0,0.33333333333333337,0.33333333333333337,0.0,21192.576695652177,21430.907000000003,0.008627563224339411
large_value-02,large_value,0,1786522515000000000,4.8,1.0,0.0,0.0,0.0,0.0,191878.73279166667,216529.70575,3078.0,3078.0,0.3969198021526347,1280.0,0.33333333333333337,0.33333333333333337,0.0,21164.27152173913,21520.1181,0.011440262736495588
large_value-02,large_value,0,1786522520000000000,5.0,1.0,0.0,0.0,0.0,0.0,178856.21420000002,203149.03619999997,3078.0,3078.0,0.4962664983766396,1280.0,0.36,0.36,0.0,21448.08208333333,23544.602099999996,0.04570454696880497
large_value-02,large_value,0,1786522525000000000,4.8,1.0,0.0,0.0,0.0,0.0,182563.40891666667,213934.90034999998,3078.0,3078.0,0.3965751330688983,1280.0,0.25,0.25,0.0,21087.267260869565,21299.7741,0.00858020316941883
large_value-02,large_value,0,1786522530000000000,1.6,1.0,0.0,0.0,0.0,0.0,193174.461875,203717.929,3078.0,3078.0,0.0,1280.0,0.0,0.0,0.0,21175.61257142857,21919.5176,0.021330727798940664
large_value-03,large_value,0,1786522540000000000,1.4,1.0,0.0,0.0,0.0,0.0,185371.74685714283,210598.41729999997,3078.0,3078.0,0.0,1284.0,0.0,0.0,0.0,21286.242166666667,21528.4,0.007163357782769852
large_value-03,large_value,0,1786522545000000000,4.8,1.0,0.0,0.0,0.0,0.0,185113.84820833334,203236.72549999997,3078.0,3078.0,0.39749012483610296,1284.0,0.33333333333333337,0.33333333333333337,0.0,21117.53352173913,21907.7956,0.018145068300636058
large_value-03,large_value,0,1786522550000000000,5.0,1.0,0.0,0.0,0.0,0.0,180075.98164,198989.8582,3078.0,3078.0,0.3975436353001484,1284.0,0.36,0.36,0.0,21134.154875,21635.381149999997,0.013939680145836913
large_value-03,large_value,0,1786522555000000000,4.6,1.0,0.0,0.0,0.0,0.0,190959.95695652172,214716.3226,3078.0,3078.0,0.3968304299467745,1284.0,0.26086956521739135,0.26086956521739135,0.0,21149.55109090909,21571.18745,0.010541190596120666
large_value-03,large_value,0,1786522560000000000,5.0,1.0,0.0,0.0,0.0,0.0,182777.29379999998,223457.77039999998,3078.0,3078.0,0.3976252736395339,1284.0,0.19999999999999996,0.19999999999999996,0.0,21131.15075,21576.30815,0.012613598494200262
large_value-03,large_value,0,1786522565000000000,4.6,1.0,0.0,0.0,0.0,0.0,198041.95104347824,212828.1397,3078.0,3078.0,0.3978762139704165,1284.0,0.30434782608695654,0.30434782608695654,0.0,21359.035636363635,22339.5866,0.03619061262559514
large_value-03,large_value,0,1786522570000000000,4.8,1.0,0.0,0.0,0.0,0.0,190345.007125,231148.53165,3078.0,3078.0,0.3977354416307084,1284.0,0.33333333333333337,0.33333333333333337,0.0,21185.199086956523,21657.1083,0.01732551770317483
large_value-03,large_value,0,1786522575000000000,4.6,1.0,0.0,0.0,0.0,0.0,195713.5371304348,231305.3012,3078.0,3078.0,0.19912183745227025,1284.0,0.26086956521739135,0.26086956521739135,0.0,21324.28677272727,21625.571,0.026987349725913774
large_value-03,large_value,0,1786522580000000000,4.8,1.0,0.0,0.0,0.0,0.0,186768.67229166665,214037.2733,3078.0,3078.0,0.39732089120310443,1284.0,0.25,0.25,0.0,21227.640391304347,21746.2431,0.014327917883695888
large_value-03,large_value,0,1786522585000000000,4.8,1.0,0.0,0.0,0.0,0.0,180516.34733333334,199355.86075,3078.0,3078.0,0.3965874153450648,1284.0,0.25,0.25,0.0,21191.037739130436,21687.174899999998,0.0249806228670043
large_value-03,large_value,0,1786522590000000000,3.2,1.0,0.0,0.0,0.0,0.0,194660.30875,225269.55025,3078.0,3078.0,0.6609811124401443,1284.0,0.125,0.125,0.0,21211.78533333333,21671.6244,0.011013575129391225
large_value-04,large_value,0,1786522605000000000,4.8,1.0,0.0,0.0,0.0,0.0,191270.76008333333,220741.4212,3078.0,3078.0,0.39704575533574704,1284.0,0.20833333333333337,0.20833333333333337,0.0,21066.108217391306,21382.605900000002,0.009565010979183816
large_value-04,large_value,0,1786522610000000000,4.6,1.0,0.0,0.0,0.0,0.0,192553.4455217391,217857.41879999998,3078.0,3078.0,0.19910460013229322,1284.0,0.21739130434782605,0.21739130434782605,0.0,21161.287863636364,21525.81775,0.01215192439760326
large_value-04,large_value,0,1786522615000000000,5.0,1.0,0.0,0.0,0.0,0.0,180663.6968,206858.47939999998,3078.0,3078.0,0.49612847998731435,1284.0,0.36,0.36,0.0,21244.427083333332,21998.39285,0.019856174358859804
large_value-04,large_value,0,1786522620000000000,4.8,1.0,0.0,0.0,0.0,0.0,189522.84566666666,221068.56014999998,3078.0,3078.0,0.3979190844071095,1284.0,0.25,0.25,0.0,21099.268565217393,21453.8868,0.013031930568162946
large_value-04,large_value,0,1786522625000000000,4.8,1.0,0.0,0.0,0.0,0.0,184492.208125,208752.5085,3078.0,3078.0,0.39662003283791936,1284.0,0.25,0.25,0.0,21169.377826086955,21520.089799999998,0.013354500771226555
large_value-04,large_value,0,1786522630000000000,4.8,1.0,0.0,0.0,0.0,0.0,190629.39237500002,215672.99349999998,3078.0,3078.0,0.199075947185191,1284.0,0.25,0.25,0.0,21185.43,21615.4201,0.010898139338276405
large_value-04,large_value,0,1786522635000000000,4.6,1.0,0.0,0.0,0.0,0.0,191842.04700000002,216860.235,3078.0,3078.0,0.39771828371359785,1284.0,0.3913043478260869,0.3913043478260869,0.0,21224.882045454546,21640.24545,0.011711144273597722
large_value-04,large_value,0,1786522640000000000,4.8,1.0,0.0,0.0,0.0,0.0,189906.63525000002,210231.15615,3078.0,3078.0,0.595555214791259,1284.0,0.20833333333333337,0.20833333333333337,0.0,21214.22247826087,21724.504200000003,0.011845245535252959
large_value-04,large_value,0,1786522645000000000,5.0,1.0,0.0,0.0,0.0,0.0,181646.92164000002,228841.54639999988,3078.0,3078.0,0.19796864570609624,1284.0,0.24,0.24,0.0,21253.692833333334,21740.7736,0.041080481964207265
large_value-04,large_value,0,1786522650000000000,4.8,1.0,0.0,0.0,0.0,0.0,182248.33937499998,201042.35165,3078.0,3078.0,0.39765640547591846,1284.0,0.25,0.25,0.0,21080.861782608696,21385.401100000003,0.010685242121107717
large_value-05,large_value,0,1786522665000000000,3.0,1.0,0.0,0.0,0.0,0.0,192120.44040000002,216297.65079999994,3078.0,3078.0,0.3303183617355066,1284.0,0.2666666666666667,0.2666666666666667,0.0,21217.51035714286,21539.174,0.009374896021127836
large_value-05,large_value,0,1786522670000000000,4.6,1.0,0.0,0.0,0.0,0.0,194592.45569565217,227599.6797,3078.0,3078.0,0.5961160970796642,1284.0,0.17391304347826086,0.17391304347826086,0.0,21304.59,21786.871099999997,0.014025008651930305
large_value-05,large_value,0,1786522675000000000,4.6,1.0,0.0,0.0,0.0,0.0,192321.13434782607,218373.41779999997,3078.0,3078.0,0.39814732494168836,1284.0,0.34782608695652173,0.34782608695652173,0.0,21203.262,21624.9413,0.023672163892655473
large_value-05,large_value,0,1786522680000000000,5.0,1.0,0.0,0.0,0.0,0.0,184890.25175999998,218060.66159999996,3078.0,3078.0,0.19905045706448649,1284.0,0.31999999999999995,0.31999999999999995,0.0,21115.50795833333,21492.6894,0.017822141535343
large_value-05,large_value,0,1786522685000000000,4.6,1.0,0.0,0.0,0.0,0.0,187557.56595652175,219361.3408,3078.0,3078.0,0.3964815682828203,1284.0,0.21739130434782605,0.21739130434782605,0.0,21098.335454545453,21358.811550000002,0.010119024441574326
large_value-05,large_value,0,1786522690000000000,4.8,1.0,0.0,0.0,0.0,0.0,190747.215375,212627.6822,3078.0,3078.0,0.3948335501260183,1284.0,0.20833333333333337,0.20833333333333337,0.0,21178.766826086958,21941.3656,0.024252767579744875
large_value-05,large_value,0,1786522695000000000,4.6,1.0,0.0,0.0,0.0,0.0,193409.498,232039.06499999997,3078.0,3078.0,0.397841494272939,1284.0,0.3913043478260869,0.3913043478260869,0.0,21230.447954545452,21593.308200000003,0.011267560936928992
large_value-05,large_value,0,1786522700000000000,4.6,1.0,0.0,0.0,0.0,0.0,197919.19152173915,226339.0235,3078.0,3078.0,0.19770035637416813,1284.0,0.17391304347826086,0.17391304347826086,0.0,21173.941954545455,21473.94275,0.010371893396815442
large_value-05,large_value,0,1786522705000000000,4.6,1.0,0.0,0.0,0.0,0.0,198793.3441304348,218291.2491,3078.0,3078.0,0.49740514235314826,1284.0,0.26086956521739135,0.26086956521739135,0.0,21189.089090909092,21831.9277,0.015052734788541185
large_value-05,large_value,0,1786522710000000000,4.8,1.0,0.0,0.0,0.0,0.0,190012.85291666666,221694.92265,3078.0,3078.0,0.39724489903919674,1284.0,0.29166666666666663,0.29166666666666663,0.0,21160.95256521739,21376.6789,0.00986261804173192
large_value-05,large_value,0,1786522715000000000,1.6,1.0,0.0,0.0,0.0,0.0,185650.9635,203408.24825,3078.0,3078.0,0.0,1284.0,0.0,0.0,0.0,21161.45642857143,21507.8911,0.010413847708773061
large_value-06,large_value,0,1786522725000000000,1.4,1.0,0.0,0.0,0.0,0.0,191688.45414285714,207487.49839999998,3078.0,3078.0,0.9888670685371671,1280.0,0.0,0.0,0.0,21266.3915,21547.832499999997,0.008354629166716204
large_value-06,large_value,0,1786522730000000000,4.6,1.0,0.0,0.0,0.0,0.0,191786.24656521739,215215.56939999998,3078.0,3078.0,0.39779929438903416,1280.0,0.21739130434782605,0.21739130434782605,0.0,21382.509045454546,22307.8405,0.0362811296302833
large_value-06,large_value,0,1786522735000000000,4.8,1.0,0.0,0.0,0.0,0.0,192957.95891666668,245386.52764999997,3078.0,3078.0,0.19896716958036226,1280.0,0.29166666666666663,0.29166666666666663,0.0,21335.17347826087,21594.4409,0.041080603929183286
large_value-06,large_value,0,1786522740000000000,4.6,1.0,0.0,0.0,0.0,0.0,195736.86460869564,232136.12699999998,3078.0,3078.0,0.39668540712647965,1280.0,0.34782608695652173,0.34782608695652173,0.0,21143.405045454547,21710.38045,0.021185022506451
large_value-06,large_value,0,1786522745000000000,4.8,1.0,0.0,0.0,0.0,0.0,185482.35070833334,208830.61479999998,3078.0,3078.0,0.3967735650566901,1280.0,0.25,0.25,0.0,21117.630956521738,21377.4418,0.010435901801143564
large_value-06,large_value,0,1786522750000000000,4.8,1.0,0.0,0.0,0.0,0.0,189591.77191666665,210117.19835,3078.0,3078.0,0.3980721290785011,1280.0,0.33333333333333337,0.33333333333333337,0.0,21281.755260869566,21563.1782,0.025392459031674443
large_value-06,large_value,0,1786522755000000000,4.2,1.0,0.0,0.0,0.0,0.0,211757.09157142858,287985.683,3078.0,3078.0,0.39731023315009695,1280.0,0.23809523809523814,0.23809523809523814,0.0,21282.91705,22296.7855,0.03464108186627551
large_value-06,large_value,0,1786522760000000000,4.6,1.0,0.0,0.0,0.0,0.0,200852.40395652174,243780.63749999998,3078.0,3078.0,0.39711582720203,1280.0,0.26086956521739135,0.26086956521739135,0.0,21180.850136363635,21440.25025,0.014556522705176949
large_value-06,large_value,0,1786522765000000000,4.6,1.0,0.0,0.0,0.0,0.0,196313.65278260873,224917.5321,3078.0,3078.0,0.39730055963224425,1280.0,0.34782608695652173,0.34782608695652173,0.0,21502.371772727274,22101.694949999997,0.03224465164948472
large_value-06,large_value,0,1786522770000000000,4.8,1.0,0.0,0.0,0.0,0.0,188458.87600000002,205288.75540000002,3078.0,3078.0,0.19855767171162958,1280.0,0.25,0.25,0.0,21152.738260869566,21565.3377,0.011682217536309764
large_value-06,large_value,0,1786522775000000000,3.2,1.0,0.0,0.0,0.0,0.0,196526.2303125,220012.97925,3078.0,3078.0,0.6613535804963434,1280.0,0.125,0.125,0.0,21293.3996,21722.8783,0.016626577845390098
large_value-07,large_value,0,1786522790000000000,4.6,1.0,0.0,0.0,0.0,0.0,188483.9951304348,224834.9963,3078.0,3078.0,0.4949731269238218,1284.0,0.21739130434782605,0.21739130434782605,0.0,21194.2275,21507.451,0.010191860640550542
large_value-07,large_value,0,1786522795000000000,4.6,1.0,0.0,0.0,0.0,0.0,191683.8927826087,213324.0791,3078.0,3078.0,0.1990133247729742,1284.0,0.21739130434782605,0.21739130434782605,0.0,20985.491409090908,21595.56625,0.045653260698907294
large_value-07,large_value,0,1786522800000000000,4.6,1.0,0.0,0.0,0.0,0.0,197176.95239130437,216581.6424,3078.0,3078.0,0.39614565487642933,1284.0,0.30434782608695654,0.30434782608695654,0.0,21252.201272727274,21653.484350000002,0.020638595649813848
large_value-07,large_value,0,1786522805000000000,4.6,1.0,0.0,0.0,0.0,0.0,192016.46395652174,234449.25589999996,3078.0,3078.0,0.39761736479192705,1284.0,0.30434782608695654,0.30434782608695654,0.0,21415.077818181817,22119.537800000002,0.033186596374487586
large_value-07,large_value,0,1786522810000000000,4.8,1.0,0.0,0.0,0.0,0.0,194596.80704166667,244254.62639999995,3078.0,3078.0,0.3958668332989149,1284.0,0.25,0.25,0.0,21441.696695652172,21722.184100000002,0.03899810245734619
large_value-07,large_value,0,1786522815000000000,4.6,1.0,0.0,0.0,0.0,0.0,192118.86491304348,212857.4225,3078.0,3078.0,0.39723715112767055,1284.0,0.3913043478260869,0.3913043478260869,0.0,21390.577863636365,21902.88315,0.043091460275522464
large_value-07,large_value,0,1786522820000000000,4.8,1.0,0.0,0.0,0.0,0.0,190433.12066666665,208407.5519,3078.0,3078.0,0.3969658464218898,1284.0,0.25,0.25,0.0,21439.234130434783,22484.6692,0.04199369726871397
large_value-07,large_value,0,1786522825000000000,4.8,1.0,0.0,0.0,0.0,0.0,189556.35941666667,216163.96514999997,3078.0,3078.0,0.19877444680581974,1284.0,0.25,0.25,0.0,21424.303,21934.123900000002,0.039635965957524055
large_value-07,large_value,0,1786522830000000000,4.6,1.0,0.0,0.0,0.0,0.0,193768.14160869567,222705.0673,3078.0,3078.0,0.3976380793706066,1284.0,0.17391304347826086,0.17391304347826086,0.0,21205.92490909091,21545.44025,0.012990136218300665
large_value-07,large_value,0,1786522835000000000,4.6,1.0,0.0,0.0,0.0,0.0,194575.19069565219,213331.859,3078.0,3078.0,0.5956937574084943,1284.0,0.26086956521739135,0.26086956521739135,0.0,21152.284636363634,21403.34235,0.011927810335029654
large_value-07,large_value,0,1786522840000000000,0.2,1.0,0.0,0.0,0.0,0.0,245585.382,245585.382,3078.0,3078.0,0.0,0.0,0.0,0.0,0.0,0.0,0.0,0.0
large_value-08,large_value,0,1786522850000000000,3.0,1.0,0.0,0.0,0.0,0.0,192475.03466666667,213056.5978,3078.0,3078.0,0.3320351922758871,1280.0,0.1333333333333333,0.1333333333333333,0.0,21172.010928571428,21464.605199999998,0.009364681453302763
large_value-08,large_value,0,1786522855000000000,4.8,1.0,0.0,0.0,0.0,0.0,190708.30416666667,213738.70839999997,3078.0,3078.0,0.3972853618363343,1280.0,0.33333333333333337,0.33333333333333337,0.0,21358.202695652173,22149.5281,0.026580017204608203
large_value-08,large_value,0,1786522860000000000,4.6,1.0,0.0,0.0,0.0,0.0,189368.28313043478,217543.76660000003,3078.0,3078.0,0.3984382741686802,1280.0,0.30434782608695654,0.30434782608695654,0.0,21100.101818181818,21388.48025,0.037518043581393504
large_value-08,large_value,0,1786522865000000000,4.8,1.0,0.0,0.0,0.0,0.0,188073.39770833333,230602.1512,3078.0,3078.0,0.198184177310413,1280.0,0.33333333333333337,0.33333333333333337,0.0,21146.669695652174,21521.793,0.01092902002800199
large_value-08,large_value,0,1786522870000000000,4.6,1.0,0.0,0.0,0.0,0.0,197127.63217391304,222098.98429999998,3078.0,3078.0,0.5954940926803893,1280.0,0.26086956521739135,0.26086956521739135,0.0,21133.576454545455,21502.69965,0.012914519110867885
large_value-08,large_value,0,1786522875000000000,4.6,1.0,0.0,0.0,0.0,0.0,195340.76286956522,220371.10109999997,3078.0,3078.0,0.19860447349307622,1280.0,0.13043478260869568,0.13043478260869568,0.0,21548.1655,22039.946049999995,0.06483394219669521
large_value-08,large_value,0,1786522880000000000,4.6,1.0,0.0,0.0,0.0,0.0,192757.08404347827,210067.5486,3078.0,3078.0,0.39803585524149215,1280.0,0.26086956521739135,0.26086956521739135,0.0,21243.012772727274,21748.665750000004,0.01183727671873184
large_value-08,large_value,0,1786522885000000000,5.0,1.0,0.0,0.0,0.0,0.0,184570.56743999998,213001.21379999997,3078.0,3078.0,0.49623651093380183,1280.0,0.19999999999999996,0.19999999999999996,0.0,21151.218416666667,21659.19935,0.014504777809294366
large_value-08,large_value,0,1786522890000000000,4.6,1.0,0.0,0.0,0.0,0.0,189095.416,209823.05680000002,3078.0,3078.0,0.19918000559478707,1280.0,0.21739130434782605,0.21739130434782605,0.0,21395.717954545453,22508.613299999997,0.04187783100902816
large_value-08,large_value,0,1786522895000000000,5.0,1.0,0.0,0.0,0.0,0.0,183511.26052,206896.26979999998,3078.0,3078.0,0.3979544791581836,1280.0,0.28,0.28,0.0,21211.394,21505.86175,0.01004850089360272
large_value-08,large_value,0,1786522900000000000,1.6,1.0,0.0,0.0,0.0,0.0,195842.998375,221861.21875,3078.0,3078.0,0.49635770482589087,1280.0,0.0,0.0,0.0,21371.461285714286,22065.8199,0.01949158085495538
large_value-09,large_value,0,1786522910000000000,1.4,1.0,0.0,0.0,0.0,0.0,179983.59042857142,194099.9293,3078.0,3078.0,0.9957582015016853,1280.0,0.0,0.0,0.0,21088.862333333334,21342.636250000003,0.010256463502897124
large_value-09,large_value,0,1786522915000000000,4.6,1.0,0.0,0.0,0.0,0.0,194208.15352173912,218076.175,3078.0,3078.0,0.3980614138203653,1280.0,0.3913043478260869,0.3913043478260869,0.0,21154.516318181817,21667.78005,0.011889823360143208
large_value-09,large_value,0,1786522920000000000,4.8,1.0,0.0,0.0,0.0,0.0,190396.21595833334,217733.8659,3078.0,3078.0,0.1988211361994092,1280.0,0.375,0.375,0.0,21187.758695652174,21719.314300000002,0.015292196922312035
large_value-09,large_value,0,1786522925000000000,4.8,1.0,0.0,0.0,0.0,0.0,191165.1991666667,214991.97805,3078.0,3078.0,0.3966404716292489,1280.0,0.25,0.25,0.0,21268.681782608695,21523.8688,0.05235733306798167
large_value-09,large_value,0,1786522930000000000,4.6,1.0,0.0,0.0,0.0,0.0,189378.73921739132,210180.18079999997,3078.0,3078.0,0.3981145217326352,1280.0,0.21739130434782605,0.21739130434782605,0.0,21183.766454545457,21422.8064,0.010743755841851112
large_value-09,large_value,0,1786522935000000000,4.8,1.0,0.0,0.0,0.0,0.0,193265.486625,209591.81825,3078.0,3078.0,0.39796662776612196,1280.0,0.375,0.375,0.0,21204.622391304347,21674.9659,0.010589167626945558
large_value-09,large_value,0,1786522940000000000,4.4,1.0,0.0,0.0,0.0,0.0,196742.04422727274,229657.4895,3078.0,3078.0,0.3968130198727112,1280.0,0.31818181818181823,0.31818181818181823,0.0,21261.661428571428,21663.086,0.01729090831854368
large_value-09,large_value,0,1786522945000000000,4.6,1.0,0.0,0.0,0.0,0.0,197304.40604347826,230046.0855,3078.0,3078.0,0.39764087496849,1280.0,0.21739130434782605,0.21739130434782605,0.0,21243.426272727273,22224.493499999997,0.02054874862968483
large_value-09,large_value,0,1786522950000000000,4.8,1.0,0.0,0.0,0.0,0.0,191376.08120833334,213380.5528,3078.0,3078.0,0.39684569847772644,1280.0,0.16666666666666663,0.16666666666666663,0.0,21131.17652173913,21429.8625,0.009122359945540184
large_value-09,large_value,0,1786522955000000000,4.6,1.0,0.0,0.0,0.0,0.0,193785.04995652175,215803.1577,3078.0,3078.0,0.19914218448579166,1280.0,0.21739130434782605,0.21739130434782605,0.0,21222.625681818183,21483.155049999998,0.00808931795529067
large_value-09,large_value,0,1786522960000000000,3.4,1.0,0.0,0.0,0.0,0.0,193962.8104117647,222089.3122,3078.0,3078.0,0.33122958756676957,1280.0,0.23529411764705888,0.23529411764705888,0.0,21875.952125,24607.8715,0.07560683206351436
malformed-00,malformed,1,1786523590000000000,235.2,0.0,0.0,0.0,1.0,1.0,58.15882397959184,116.49375,0.0,0.0,12.94655205847395,1152.0,0.0,0.0,0.0,2530.059525106383,2989.8239000000003,0.19800017817001514
malformed-00,malformed,1,1786523595000000000,386.8,0.0,0.0,0.0,1.0,1.0,59.82317528438469,177.40094999999977,0.0,0.0,12.750483831477094,1152.0,0.0,0.0,0.0,2526.176054837041,2965.942,0.15673475626956668
malformed-00,malformed,1,1786523600000000000,386.0,0.0,0.0,0.0,1.0,1.0,57.675807772020725,120.03729999999999,0.0,0.0,12.747765144239565,1152.0,0.0,0.0,0.0,2532.179474339036,2965.2995999999994,0.18071449754261276
malformed-00,malformed,1,1786523605000000000,384.2,0.0,0.0,0.0,1.0,1.0,58.77864185320146,117.134,0.0,0.0,13.146351540608773,1152.0,0.0,0.0,0.0,2544.5565234375003,2971.4226,0.15646498032734663
malformed-00,malformed,1,1786523610000000000,381.4,0.0,0.0,0.0,1.0,1.0,62.33192134242265,123.38349999999964,0.0,0.0,13.544135662824491,1152.0,0.0,0.0,0.0,2558.9477733473245,3021.13575,0.1905013959298968
malformed-00,malformed,1,1786523615000000000,390.2,0.0,0.0,0.0,1.0,1.0,58.430831368528956,144.1085,0.0,0.0,12.748246134303596,1152.0,0.0,0.0,0.0,2504.8374184615386,2905.39365,0.14571199067738358
malformed-00,malformed,1,1786523620000000000,390.0,0.0,0.0,0.0,1.0,1.0,57.977537948717945,171.81804999999974,0.0,0.0,12.94325590454567,1152.0,0.0,0.0,0.0,2506.3117911749614,2883.1234,0.1405776313601236
malformed-00,malformed,1,1786523625000000000,385.4,0.0,0.0,0.0,1.0,1.0,60.13950285417748,136.23959999999818,0.0,0.0,12.748690099002918,1152.0,0.0,0.0,0.0,2534.410321910696,3003.8759999999997,0.20090668949768362
malformed-00,malformed,1,1786523630000000000,386.0,0.0,0.0,0.0,1.0,1.0,57.09023937823834,130.4284999999999,0.0,0.0,12.739683214708547,1152.0,0.0,0.0,0.0,2534.146172628305,2942.7009999999996,0.174527585523681
malformed-00,malformed,1,1786523635000000000,385.6,0.0,0.0,0.0,1.0,1.0,61.02028630705394,137.64714999999984,0.0,0.0,12.933907191329919,1152.0,0.0,0.0,0.0,2532.4523871302545,3043.6173999999987,0.18013418290539088
malformed-00,malformed,1,1786523640000000000,150.4,0.0,0.0,0.0,1.0,1.0,52.93962234042553,88.05039999999971,0.0,0.0,13.442890897973138,1152.0,0.0,0.0,0.0,2546.382189081225,3024.578,0.1596320967823424
malformed-01,malformed,1,1786523650000000000,69.2,0.0,0.0,0.0,1.0,1.0,53.70048554913294,101.63050000000001,0.0,0.0,12.949322334967855,1152.0,0.0,0.0,0.0,2520.3978956521737,2978.2790000000014,0.19440369224390147
malformed-01,malformed,1,1786523655000000000,381.6,0.0,0.0,0.0,1.0,1.0,60.77556551362683,112.56009999999996,0.0,0.0,13.339565429695606,1152.0,0.0,0.0,0.0,2559.7250854745675,3111.1780999999996,0.22146245229297296
malformed-01,malformed,1,1786523660000000000,379.4,0.0,0.0,0.0,1.0,1.0,61.425438587243015,118.02159999999978,0.0,0.0,13.716359917314525,1152.0,0.0,0.0,0.0,2574.5274161392404,3093.6182500000004,0.23531162580477555
malformed-01,malformed,1,1786523665000000000,382.6,0.0,0.0,0.0,1.0,1.0,61.752209095661264,120.10599999999913,0.0,0.0,13.489051032494292,1152.0,0.0,0.0,0.0,2551.393951882845,3104.8579,0.20993112484307835
malformed-01,malformed,1,1786523670000000000,380.0,0.0,0.0,0.0,1.0,1.0,62.613058421052635,124.25434999999997,0.0,0.0,13.34114566764612,1152.0,0.0,0.0,0.0,2569.6777867298574,3313.707699999998,0.21701107062112954
malformed-01,malformed,1,1786523675000000000,385.4,0.0,0.0,0.0,1.0,1.0,60.29372859366892,116.49149999999997,0.0,0.0,13.314314276646456,1152.0,0.0,0.0,0.0,2533.681611630322,2957.85925,0.19875570242090468
malformed-01,malformed,1,1786523680000000000,391.0,0.0,0.0,0.0,1.0,1.0,54.44368132992327,110.95389999999989,0.0,0.0,12.72348120157067,1152.0,0.0,0.0,0.0,2503.468101330604,2955.9622999999992,0.15899728479002664
malformed-01,malformed,1,1786523685000000000,386.6,0.0,0.0,0.0,1.0,1.0,58.4254397309881,125.70359999999954,0.0,0.0,12.718411331796204,1152.0,0.0,0.0,0.0,2528.639653726708,2977.411,0.1969986716961922
malformed-01,malformed,1,1786523690000000000,385.6,0.0,0.0,0.0,1.0,1.0,55.850313278008294,107.77529999999976,0.0,0.0,13.047729721968409,1152.0,0.0,0.0,0.0,2536.866586403736,3066.263399999999,0.18341772478307553
malformed-01,malformed,1,1786523695000000000,386.6,0.0,0.0,0.0,1.0,1.0,57.39241386445939,118.69979999999961,0.0,0.0,12.863799680015557,1152.0,0.0,0.0,0.0,2528.53883436853,2943.7643499999986,0.16933603576770107
malformed-01,malformed,1,1786523700000000000,318.2,0.0,0.0,0.0,1.0,1.0,62.11946071653049,136.5795,0.0,0.0,12.871832024993566,1152.0,0.0,0.0,0.0,2517.790834591195,3001.4009499999993,0.18412169975711318
malformed-02,malformed,1,1786523715000000000,276.0,0.0,0.0,0.0,1.0,1.0,56.79558695652174,115.16420000000001,0.0,0.0,12.944562093488162,1148.0,0.0,0.0,0.0,2542.381431472081,3090.5893,0.16247809096840454
malformed-02,malformed,1,1786523720000000000,386.6,0.0,0.0,0.0,1.0,1.0,60.92722193481635,145.7989999999987,0.0,0.0,12.73166072798411,1148.0,0.0,0.0,0.0,2524.9876433747413,2997.8252499999994,0.1886512978816973
malformed-02,malformed,1,1786523725000000000,386.0,0.0,0.0,0.0,1.0,1.0,62.769747668393784,138.70094999999992,0.0,0.0,12.93749348323323,1148.0,0.0,0.0,0.0,2528.286923794712,2947.695399999999,0.19373176013500906
malformed-02,malformed,1,1786523730000000000,385.8,0.0,0.0,0.0,1.0,1.0,62.43807153965785,129.3849999999999,0.0,0.0,12.938818298781126,1148.0,0.0,0.0,0.0,2530.1049024896265,2922.138099999999,0.1687188843744524
malformed-02,malformed,1,1786523735000000000,384.8,0.0,0.0,0.0,1.0,1.0,57.79815228690229,110.65329999999967,0.0,0.0,12.935599678905493,1148.0,0.0,0.0,0.0,2539.5585507020282,3048.6587999999992,0.18114161389373
malformed-02,malformed,1,1786523740000000000,384.2,0.0,0.0,0.0,1.0,1.0,60.39548099947944,116.476,0.0,0.0,12.74270786257786,1148.0,0.0,0.0,0.0,2541.8871817708336,3004.6506,0.17247365928517638
malformed-02,malformed,1,1786523745000000000,391.8,0.0,0.0,0.0,1.0,1.0,56.050092904543135,106.78599999999967,0.0,0.0,12.747350174955528,1148.0,0.0,0.0,0.0,2493.2365791624106,2882.7742499999995,0.16294912258225983
malformed-02,malformed,1,1786523750000000000,385.0,0.0,0.0,0.0,1.0,1.0,62.51011324675324,122.47379999999998,0.0,0.0,12.948928908578916,1148.0,0.0,0.0,0.0,2534.7072525987523,3035.6588999999994,0.19725398131640873
malformed-02,malformed,1,1786523755000000000,385.6,0.0,0.0,0.0,1.0,1.0,63.3239367219917,157.48254999999995,0.0,0.0,12.749183756694475,1148.0,0.0,0.0,0.0,2529.2630316554228,2968.0996,0.21052237533663706
malformed-02,malformed,1,1786523760000000000,385.0,0.0,0.0,0.0,1.0,1.0,58.19567116883117,112.1704,0.0,0.0,13.147717949482153,1148.0,0.0,0.0,0.0,2539.518299376299,2963.0032499999984,0.18015707335690107
malformed-02,malformed,1,1786523765000000000,108.8,0.0,0.0,0.0,1.0,1.0,57.96452941176471,88.50870000000006,0.0,0.0,12.908067862931588,1148.0,0.0,0.0,0.0,2539.2796887661143,3060.8619,0.11659766579861144
malformed-03,malformed,1,1786523775000000000,90.6,0.0,0.0,0.0,1.0,1.0,65.2474701986755,160.1118,0.0,0.0,13.3893478025264,1132.0,0.0,0.0,0.0,2561.957581858407,3170.12475,0.22914973780702294
malformed-03,malformed,1,1786523780000000000,386.2,0.0,0.0,0.0,1.0,1.0,63.23018746763335,122.1075,0.0,0.0,12.946863020237931,1132.0,0.0,0.0,0.0,2526.101016580311,2973.01185,0.16037958845937014
malformed-03,malformed,1,1786523785000000000,385.8,0.0,0.0,0.0,1.0,1.0,59.494667703473304,140.97439999999983,0.0,0.0,12.947161240360591,1132.0,0.0,0.0,0.0,2531.7986862033194,3001.618949999999,0.1795957753251295
malformed-03,malformed,1,1786523790000000000,385.8,0.0,0.0,0.0,1.0,1.0,58.522943494038365,125.68219999999997,0.0,0.0,12.870786876093273,1132.0,0.0,0.0,0.0,2533.833060684647,3067.742099999998,0.1714482272466606
malformed-03,malformed,1,1786523795000000000,387.0,0.0,0.0,0.0,1.0,1.0,59.9372511627907,155.3119999999999,0.0,0.0,12.844305802045989,1132.0,0.0,0.0,0.0,2523.9616034126166,2975.3779999999997,0.1567516330025407
malformed-03,malformed,1,1786523800000000000,386.6,0.0,0.0,0.0,1.0,1.0,59.908764614588726,139.40199999999942,0.0,0.0,12.932215145350781,1132.0,0.0,0.0,0.0,2525.744025879917,2932.8200499999994,0.14776731296578935
malformed-03,malformed,1,1786523805000000000,387.2,0.0,0.0,0.0,1.0,1.0,60.8223992768595,154.82275,0.0,0.0,12.547119501393357,1132.0,0.0,0.0,0.0,2522.026388113695,2936.8777,0.1681918855759419
malformed-03,malformed,1,1786523810000000000,386.4,0.0,0.0,0.0,1.0,1.0,59.52436956521739,181.27184999999952,0.0,0.0,12.932276833252516,1132.0,0.0,0.0,0.0,2529.177421543242,2989.929,0.18004007372934208
malformed-03,malformed,1,1786523815000000000,388.0,0.0,0.0,0.0,1.0,1.0,60.35035051546392,132.59454999999988,0.0,0.0,12.742665662317822,1132.0,0.0,0.0,0.0,2517.0514419804026,2852.6055,0.15143057925527445
malformed-03,malformed,1,1786523820000000000,387.0,0.0,0.0,0.0,1.0,1.0,59.45491937984496,131.83839999999995,0.0,0.0,12.74726053093764,1132.0,0.0,0.0,0.0,2524.5745775594623,2905.8268999999996,0.16544140784772157
malformed-03,malformed,1,1786523825000000000,295.2,0.0,0.0,0.0,1.0,1.0,59.145982384823846,169.10525,0.0,0.0,12.651373391674815,1132.0,0.0,0.0,0.0,2522.53152,2921.8441,0.1762579865338025
malformed-04,malformed,1,1786523840000000000,309.0,0.0,0.0,0.0,1.0,1.0,61.43995533980583,152.93299999999905,0.0,0.0,13.102628034087228,1148.0,0.0,0.0,0.0,2533.5089993523316,2952.763449999999,0.16738728653901436
malformed-04,malformed,1,1786523845000000000,386.6,0.0,0.0,0.0,1.0,1.0,57.11802276254527,128.24619999999993,0.0,0.0,13.141850146024737,1148.0,0.0,0.0,0.0,2530.2323400621117,3001.9000499999975,0.16473400935358654
malformed-04,malformed,1,1786523850000000000,385.8,0.0,0.0,0.0,1.0,1.0,56.12786417833074,101.66999999999983,0.0,0.0,12.942499351390023,1148.0,0.0,0.0,0.0,2535.108587136929,2969.4288499999993,0.1613250779844537
malformed-04,malformed,1,1786523855000000000,387.0,0.0,0.0,0.0,1.0,1.0,60.33800310077519,114.11499999999982,0.0,0.0,13.146930651862823,1148.0,0.0,0.0,0.0,2524.012962771458,2936.2322999999997,0.16494471573674388
malformed-04,malformed,1,1786523860000000000,386.0,0.0,0.0,0.0,1.0,1.0,61.8327621761658,116.22619999999995,0.0,0.0,12.931421107279263,1148.0,0.0,0.0,0.0,2528.5165147744947,3016.9197999999997,0.17295013954090466
malformed-04,malformed,1,1786523865000000000,389.0,0.0,0.0,0.0,1.0,1.0,55.30837017994858,93.7939999999998,0.0,0.0,12.894153263203052,1148.0,0.0,0.0,0.0,2515.581805041152,2938.0374,0.15567652805283774
malformed-04,malformed,1,1786523870000000000,387.0,0.0,0.0,0.0,1.0,1.0,58.93347183462532,119.21359999999991,0.0,0.0,12.923398785953008,1148.0,0.0,0.0,0.0,2525.071325232678,2909.4493499999994,0.175480107487809
malformed-04,malformed,1,1786523875000000000,387.8,0.0,0.0,0.0,1.0,1.0,59.38520732336256,111.11029999999995,0.0,0.0,12.736177036595754,1148.0,0.0,0.0,0.0,2519.436124871001,3007.2673499999996,0.18264231088511867
malformed-04,malformed,1,1786523880000000000,386.0,0.0,0.0,0.0,1.0,1.0,65.44833471502591,169.64649999999995,0.0,0.0,13.102396770066246,1148.0,0.0,0.0,0.0,2525.4480710212547,2961.9489999999996,0.17769866463591144
malformed-04,malformed,1,1786523885000000000,385.4,0.0,0.0,0.0,1.0,1.0,56.83136741048261,101.03009999999985,0.0,0.0,12.914226229999098,1148.0,0.0,0.0,0.0,2537.453217549325,3011.1647500000004,0.1744082622776922
malformed-04,malformed,1,1786523890000000000,76.0,0.0,0.0,0.0,1.0,1.0,64.07996842105263,99.49925000000049,0.0,0.0,12.947520088722303,1148.0,0.0,0.0,0.0,2538.3538073878626,3098.265499999996,0.19283348867661487
malformed-05,malformed,1,1786523900000000000,118.0,0.0,0.0,0.0,1.0,1.0,56.065667796610164,113.07104999999981,0.0,0.0,13.442715281193761,1148.0,0.0,0.0,0.0,2533.2088217317487,2897.5452000000005,0.1317736453470661
malformed-05,malformed,1,1786523905000000000,386.2,0.0,0.0,0.0,1.0,1.0,60.69087208700155,121.14750000000001,0.0,0.0,13.142669045281016,1148.0,0.0,0.0,0.0,2527.7523191709843,3014.9485999999997,0.18833929919819778
malformed-05,malformed,1,1786523910000000000,385.0,0.0,0.0,0.0,1.0,1.0,56.389766753246754,94.83199999999998,0.0,0.0,12.942233947212433,1148.0,0.0,0.0,0.0,2541.7409007276506,3044.535549999999,0.18780887970685173
malformed-05,malformed,1,1786523915000000000,385.6,0.0,0.0,0.0,1.0,1.0,57.873583506224065,128.02549999999977,0.0,0.0,12.94324954917289,1148.0,0.0,0.0,0.0,2535.6018583290092,2999.1688,0.18342228543295555
malformed-05,malformed,1,1786523920000000000,386.4,0.0,0.0,0.0,1.0,1.0,57.401290890269145,130.81864999999908,0.0,0.0,12.938334000750213,1148.0,0.0,0.0,0.0,2530.9345934748835,2992.8540000000003,0.18652228561226702
malformed-05,malformed,1,1786523925000000000,385.2,0.0,0.0,0.0,1.0,1.0,56.518452751817236,111.78225,0.0,0.0,13.144384615966036,1148.0,0.0,0.0,0.0,2539.1650877922075,3002.3997999999992,0.18622531191944544
malformed-05,malformed,1,1786523930000000000,386.0,0.0,0.0,0.0,1.0,1.0,60.96738186528498,122.98734999999978,0.0,0.0,12.934128547347123,1148.0,0.0,0.0,0.0,2529.7604375324,3012.4753999999994,0.17844593153247665
malformed-05,malformed,1,1786523935000000000,386.0,0.0,0.0,0.0,1.0,1.0,56.33112487046632,113.03204999999997,0.0,0.0,13.146960356595915,1148.0,0.0,0.0,0.0,2534.1390186625194,2940.9154,0.18356282734905333
malformed-05,malformed,1,1786523940000000000,387.8,0.0,0.0,0.0,1.0,1.0,64.43334760185662,160.60339999999945,0.0,0.0,12.748081358040341,1148.0,0.0,0.0,0.0,2514.688812693498,2963.460399999998,0.17716168647869024
malformed-05,malformed,1,1786523945000000000,387.4,0.0,0.0,0.0,1.0,1.0,64.0282849767682,188.50439999999998,0.0,0.0,12.747773173743147,1148.0,0.0,0.0,0.0,2517.251042871901,2930.48375,0.16611759995916867
malformed-05,malformed,1,1786523950000000000,266.4,0.0,0.0,0.0,1.0,1.0,59.03668993993994,107.11515000000006,0.0,0.0,13.279832773986348,1148.0,0.0,0.0,0.0,2546.5171367392936,3189.8565,0.17636060164799022
malformed-06,malformed,1,1786523965000000000,346.2,0.0,0.0,0.0,1.0,1.0,59.92254419410745,126.3945,0.0,0.0,13.095476485101006,1140.0,0.0,0.0,0.0,2535.483504624278,3022.0389999999998,0.17626551247665828
malformed-06,malformed,1,1786523970000000000,386.8,0.0,0.0,0.0,1.0,1.0,61.48064374353671,125.95504999999945,0.0,0.0,12.938864413918003,1140.0,0.0,0.0,0.0,2523.0722410760477,2950.3113999999996,0.18856851614778936
malformed-06,malformed,1,1786523975000000000,386.2,0.0,0.0,0.0,1.0,1.0,58.50649197307094,105.526,0.0,0.0,12.939826930877235,1140.0,0.0,0.0,0.0,2530.3108279792746,3017.4711500000003,0.19111606763058808
malformed-06,malformed,1,1786523980000000000,384.4,0.0,0.0,0.0,1.0,1.0,57.66313215400624,112.62749999999934,0.0,0.0,13.292566338202175,1140.0,0.0,0.0,0.0,2543.5531119208745,3031.057,0.16332356611121912
malformed-06,malformed,1,1786523985000000000,389.2,0.0,0.0,0.0,1.0,1.0,63.31435817060637,123.20299999999999,0.0,0.0,12.746550515001871,1140.0,0.0,0.0,0.0,2506.3990077120825,3035.186,0.19493168323314844
malformed-06,malformed,1,1786523990000000000,386.6,0.0,0.0,0.0,1.0,1.0,60.3176104500776,141.891999999999,0.0,0.0,12.93690147280709,1140.0,0.0,0.0,0.0,2525.8528654244305,2958.612299999999,0.19358842752366653
malformed-06,malformed,1,1786523995000000000,387.2,0.0,0.0,0.0,1.0,1.0,57.54725878099174,122.619,0.0,0.0,12.94328769482027,1140.0,0.0,0.0,0.0,2525.4965710594315,2959.4143999999997,0.19392145469542763
malformed-06,malformed,1,1786524000000000000,385.4,0.0,0.0,0.0,1.0,1.0,58.34916502335236,125.58679999999913,0.0,0.0,12.93884590953019,1140.0,0.0,0.0,0.0,2536.7404200415367,3008.31025,0.18103855270214195
malformed-06,malformed,1,1786524005000000000,386.6,0.0,0.0,0.0,1.0,1.0,58.820868598034146,127.18219999999943,0.0,0.0,12.853704689006841,1140.0,0.0,0.0,0.0,2528.1144482401655,2961.7529499999996,0.18868283965179453
malformed-06,malformed,1,1786524010000000000,385.2,0.0,0.0,0.0,1.0,1.0,58.55002544132918,128.87775,0.0,0.0,12.899570181039707,1140.0,0.0,0.0,0.0,2537.0019605194807,3007.068199999999,0.18986756780518918
malformed-06,malformed,1,1786524015000000000,39.4,0.0,0.0,0.0,1.0,1.0,57.831629441624365,96.07639999999999,0.0,0.0,0.0,0.0,0.0,0.0,0.0,2513.956285714286,2863.56025,0.1982942129577569
malformed-07,malformed,1,1786524025000000000,171.2,0.0,0.0,0.0,1.0,1.0,62.56117523364486,168.31525000000002,0.0,0.0,13.266147087839508,1148.0,0.0,0.0,0.0,2523.788601169591,2942.971899999999,0.17684426366276418
malformed-07,malformed,1,1786524030000000000,384.8,0.0,0.0,0.0,1.0,1.0,64.80202702702702,129.55779999999845,0.0,0.0,13.150130652373843,1148.0,0.0,0.0,0.0,2535.046955278211,2945.8109000000004,0.1892467052687378
malformed-07,malformed,1,1786524035000000000,386.0,0.0,0.0,0.0,1.0,1.0,58.55418393782383,105.82654999999997,0.0,0.0,12.746728412549825,1148.0,0.0,0.0,0.0,2531.45778589943,3006.8062,0.1746734998113591
malformed-07,malformed,1,1786524040000000000,387.8,0.0,0.0,0.0,1.0,1.0,57.34457400722022,123.95049999999978,0.0,0.0,12.911232162466394,1148.0,0.0,0.0,0.0,2521.5752440660476,2930.60985,0.17059053363642954
malformed-07,malformed,1,1786524045000000000,386.2,0.0,0.0,0.0,1.0,1.0,55.557843604350076,103.16749999999999,0.0,0.0,12.893871492971888,1148.0,0.0,0.0,0.0,2534.2167709844557,2947.47315,0.18000196249465503
malformed-07,malformed,1,1786524050000000000,387.2,0.0,0.0,0.0,1.0,1.0,57.27356095041323,118.82375,0.0,0.0,13.100139444383277,1148.0,0.0,0.0,0.0,2524.152308010336,3006.2269999999994,0.17086463776529026
malformed-07,malformed,1,1786524055000000000,388.4,0.0,0.0,0.0,1.0,1.0,58.79214006179196,115.47959999999999,0.0,0.0,12.524677142731102,1148.0,0.0,0.0,0.0,2516.516520865533,2964.179,0.16446113046765096
malformed-07,malformed,1,1786524060000000000,385.6,0.0,0.0,0.0,1.0,1.0,60.82895228215768,131.66299999999944,0.0,0.0,12.90694366828636,1148.0,0.0,0.0,0.0,2532.0078349766477,3063.1991999999996,0.18947421972737255
malformed-07,malformed,1,1786524065000000000,387.4,0.0,0.0,0.0,1.0,1.0,58.12284615384615,128.03879999999967,0.0,0.0,12.733649558071338,1148.0,0.0,0.0,0.0,2523.3497510330576,2986.63025,0.1860497923419163
malformed-07,malformed,1,1786524070000000000,386.0,0.0,0.0,0.0,1.0,1.0,64.03039896373056,169.76274999999995,0.0,0.0,12.946761295380224,1148.0,0.0,0.0,0.0,2527.3597615344743,2942.497799999999,0.16647649807375306
malformed-07,malformed,1,1786524075000000000,215.2,0.0,0.0,0.0,1.0,1.0,57.7851719330855,92.7905,0.0,0.0,12.93833844968753,1148.0,0.0,0.0,0.0,2528.9591237209306,2900.9478,0.16215762202535594
malformed-08,malformed,1,1786524090000000000,382.0,0.0,0.0,0.0,1.0,1.0,59.48437591623036,121.80814999999993,0.0,0.0,13.141980533495351,1148.0,0.0,0.0,0.0,2530.1457281299113,2930.9246000000003,0.16591579082902116
malformed-08,malformed,1,1786524095000000000,387.2,0.0,0.0,0.0,1.0,1.0,59.45038584710744,127.4865,0.0,0.0,12.947660799565687,1148.0,0.0,0.0,0.0,2523.7983917312663,2948.0194,0.20353698469596
malformed-08,malformed,1,1786524100000000000,387.8,0.0,0.0,0.0,1.0,1.0,57.86277668901496,114.46849999999972,0.0,0.0,12.71796974658712,1148.0,0.0,0.0,0.0,2521.1581692466457,2987.375499999999,0.19044799457482803
malformed-08,malformed,1,1786524105000000000,385.0,0.0,0.0,0.0,1.0,1.0,58.846527792207795,145.41479999999999,0.0,0.0,13.341051835669981,1148.0,0.0,0.0,0.0,2538.3389579002082,3061.482149999999,0.21111781282495432
malformed-08,malformed,1,1786524110000000000,384.2,0.0,0.0,0.0,1.0,1.0,61.13393597084851,129.169,0.0,0.0,13.343599369991182,1148.0,0.0,0.0,0.0,2541.7573838541666,3008.8383,0.18940089603975688
malformed-08,malformed,1,1786524115000000000,386.4,0.0,0.0,0.0,1.0,1.0,61.47039751552795,95.84749999999971,0.0,0.0,13.141905986478665,1148.0,0.0,0.0,0.0,2525.722162610047,2937.1735,0.22026408286479532
malformed-08,malformed,1,1786524120000000000,387.4,0.0,0.0,0.0,1.0,1.0,58.784680433660306,123.53319999999988,0.0,0.0,12.909234606379929,1148.0,0.0,0.0,0.0,2522.7010185950417,2935.25475,0.1973254525234807
malformed-08,malformed,1,1786524125000000000,386.4,0.0,0.0,0.0,1.0,1.0,58.09706625258799,104.00114999999988,0.0,0.0,12.945806429872022,1148.0,0.0,0.0,0.0,2530.5062698083893,2992.5240000000003,0.18804267417980147
malformed-08,malformed,1,1786524130000000000,384.0,0.0,0.0,0.0,1.0,1.0,61.46367447916667,121.17469999999996,0.0,0.0,13.100103352789276,1148.0,0.0,0.0,0.0,2542.284658676394,3037.7731,0.20359701125745513
malformed-08,malformed,1,1786524135000000000,386.0,0.0,0.0,0.0,1.0,1.0,59.93260621761659,125.48319999999995,0.0,0.0,13.11140439145613,1148.0,0.0,0.0,0.0,2531.40322343183,3034.0968,0.19819950839268513
malformed-08,malformed,1,1786524140000000000,4.2,0.0,0.0,0.0,1.0,1.0,34.53476190476191,40.101,0.0,0.0,0.0,0.0,0.0,0.0,0.0,2362.55095,2913.7176500000014,0.3242973408472051
malformed-09,malformed,1,1786524150000000000,212.2,0.0,0.0,0.0,1.0,1.0,58.581043355325164,177.01,0.0,0.0,12.94584823378856,1136.0,0.0,0.0,0.0,2510.840366037736,3020.9618499999997,0.1895846413112732
malformed-09,malformed,1,1786524155000000000,387.0,0.0,0.0,0.0,1.0,1.0,62.03339069767442,121.77909999999997,0.0,0.0,12.740589969688985,1136.0,0.0,0.0,0.0,2522.299670630817,3057.5750499999995,0.1767740349487776
malformed-09,malformed,1,1786524160000000000,387.8,0.0,0.0,0.0,1.0,1.0,57.99700722021661,114.08239999999991,0.0,0.0,13.143898082784457,1136.0,0.0,0.0,0.0,2520.7218183694526,2931.7073499999997,0.14581315947399
malformed-09,malformed,1,1786524165000000000,387.4,0.0,0.0,0.0,1.0,1.0,58.469884357253484,154.84299999999888,0.0,0.0,12.945914178609621,1136.0,0.0,0.0,0.0,2521.755646177686,3043.75175,0.18309945949120565
malformed-09,malformed,1,1786524170000000000,387.6,0.0,0.0,0.0,1.0,1.0,62.89500257997936,136.83379999999997,0.0,0.0,12.748816921761918,1136.0,0.0,0.0,0.0,2517.615992256066,2983.4731999999985,0.16482954966500124
malformed-09,malformed,1,1786524175000000000,387.4,0.0,0.0,0.0,1.0,1.0,56.44705214248839,101.38439999999993,0.0,0.0,13.141918712896555,1136.0,0.0,0.0,0.0,2524.621459194215,2970.0445,0.17302344200245143
malformed-09,malformed,1,1786524180000000000,387.2,0.0,0.0,0.0,1.0,1.0,61.15303770661157,141.751,0.0,0.0,12.52803412102762,1136.0,0.0,0.0,0.0,2521.9449483204135,2967.0585,0.18772820197978127
malformed-09,malformed,1,1786524185000000000,387.0,0.0,0.0,0.0,1.0,1.0,58.58649612403101,121.37589999999997,0.0,0.0,13.058814947021926,1136.0,0.0,0.0,0.0,2525.009387280248,2936.1455499999975,0.19499777274231844
malformed-09,malformed,1,1786524190000000000,387.2,0.0,0.0,0.0,1.0,1.0,57.35691477272727,118.76725,0.0,0.0,13.07843149994073,1136.0,0.0,0.0,0.0,2524.1940186046513,2913.6475999999993,0.1599044791145328
malformed-09,malformed,1,1786524195000000000,389.8,0.0,0.0,0.0,1.0,1.0,57.92424268855824,125.07599999999994,0.0,0.0,12.476000733214267,1136.0,0.0,0.0,0.0,2508.526911190965,2914.1194499999992,0.19753039007635753
malformed-09,malformed,1,1786524200000000000,176.2,0.0,0.0,0.0,1.0,1.0,57.70008626560726,134.735,0.0,0.0,12.937526874373836,1136.0,0.0,0.0,0.0,2520.325760227273,2980.1010999999994,0.16951133111569452
replay-00,replay,1,1786524830000000000,2.6,1.0,0.0,0.0,0.0,0.0,215353.08261538463,238445.1616,140.0,140.0,0.3318169293027858,1280.0,0.9230769230769231,0.9230769230769231,0.0,3180.032333333333,3706.1143999999995,0.10587323686772802
replay-00,replay,1,1786524835000000000,4.6,1.0,0.0,0.0,0.0,0.0,217665.30926086957,233678.37889999998,140.0,140.0,0.1986574102471507,1280.0,0.9565217391304348,0.9565217391304348,0.0,2977.7507727272728,3476.0353,0.19702509208014127
replay-00,replay,1,1786524840000000000,4.6,1.0,0.0,0.0,0.0,0.0,208887.04252173915,231134.3972,140.0,140.0,0.24845563974470491,1280.0,0.9565217391304348,0.9565217391304348,0.0,3018.7076818181818,3601.44185,0.1254348550748766
replay-00,replay,1,1786524845000000000,4.8,1.0,0.0,0.0,0.0,0.0,209039.048375,231887.62694999995,140.0,140.0,0.39795686435250205,1280.0,0.9583333333333334,0.9583333333333334,0.0,3088.241739130435,3576.9530999999993,0.08916526916832931
replay-00,replay,1,1786524850000000000,5.0,1.0,0.0,0.0,0.0,0.0,199875.9656,218728.21319999997,140.0,140.0,0.397123635888005,1280.0,0.96,0.96,0.0,3067.6268333333333,3562.5304999999994,0.11934739735175981
replay-00,replay,1,1786524855000000000,4.6,1.0,0.0,0.0,0.0,0.0,207536.81082608696,227829.34119999997,140.0,140.0,0.39663626508549243,1280.0,0.9565217391304348,0.9565217391304348,0.0,3112.7606818181816,3699.9064,0.0939272214719393
replay-00,replay,1,1786524860000000000,4.8,1.0,0.0,0.0,0.0,0.0,203952.21058333336,221052.89145,140.0,140.0,0.19763640574693225,1280.0,0.9583333333333334,0.9583333333333334,0.0,3075.5962173913044,3499.9622999999997,0.09839197521406062
replay-00,replay,1,1786524865000000000,4.6,1.0,0.0,0.0,0.0,0.0,219090.07847826087,272726.9668,140.0,140.0,0.3980559371624358,1280.0,0.9565217391304348,0.9565217391304348,0.0,3026.1575454545455,3284.5218,0.06442382629957245
replay-00,replay,1,1786524870000000000,4.8,1.0,0.0,0.0,0.0,0.0,207989.27945833336,226398.92335,140.0,140.0,0.3967940646210102,1280.0,0.9583333333333334,0.9583333333333334,0.0,3004.8755217391304,3327.1183999999994,0.06493810496731472
replay-00,replay,1,1786524875000000000,4.8,1.0,0.0,0.0,0.0,0.0,201869.59358333334,219790.26059999998,140.0,140.0,0.3975059401867018,1280.0,0.9583333333333334,0.9583333333333334,0.0,2988.560956521739,3387.1678,0.1349096025984225
replay-00,replay,1,1786524880000000000,1.8,1.0,0.0,0.0,0.0,0.0,208306.808,226296.71860000002,140.0,140.0,0.0,1280.0,0.8888888888888888,0.8888888888888888,0.0,3107.366125,3538.08785,0.08426154103607641
replay-01,replay,1,1786524890000000000,1.2,1.0,0.0,0.0,0.0,0.0,209948.9245,222787.9975,140.0,140.0,0.9938266509674918,1280.0,0.8333333333333334,0.8333333333333334,0.0,2860.9748,3026.9202,0.06047810903902116
replay-01,replay,1,1786524895000000000,4.6,1.0,0.0,0.0,0.0,0.0,211150.58308695653,231727.80440000002,140.0,140.0,0.19845838951921874,1280.0,0.9565217391304348,0.9565217391304348,0.0,3100.071590909091,3458.06205,0.0712940111492657
replay-01,replay,1,1786524900000000000,4.8,1.0,0.0,0.0,0.0,0.0,210167.30804166666,228665.67995,140.0,140.0,0.3969056867901224,1280.0,0.9583333333333334,0.9583333333333334,0.0,3047.4653913043476,3490.0053,0.07844256201360253
replay-01,replay,1,1786524905000000000,4.8,1.0,0.0,0.0,0.0,0.0,203707.42591666666,237687.07554999995,140.0,140.0,0.19643280597617033,1280.0,0.9583333333333334,0.9583333333333334,0.0,3035.0111304347824,3521.1737,0.09561088496317903
replay-01,replay,1,1786524910000000000,4.6,1.0,0.0,0.0,0.0,0.0,214191.98617391306,237091.8321,140.0,140.0,0.39732829983724827,1280.0,0.9565217391304348,0.9565217391304348,0.0,3164.3609545454547,4330.947049999999,0.14132861966861682
replay-01,replay,1,1786524915000000000,4.6,1.0,0.0,0.0,0.0,0.0,210101.61626086954,235270.11419999998,140.0,140.0,0.19777665770703465,1280.0,0.9565217391304348,0.9565217391304348,0.0,3228.802863636364,3620.7075999999997,0.2831598384739653
replay-01,replay,1,1786524920000000000,4.8,1.0,0.0,0.0,0.0,0.0,206395.08804166666,221576.8213,140.0,140.0,0.5961727253881821,1280.0,0.9583333333333334,0.9583333333333334,0.0,3031.5503043478266,3468.4522999999995,0.06681045707369743
replay-01,replay,1,1786524925000000000,4.6,1.0,0.0,0.0,0.0,0.0,213983.16204347825,232181.9375,140.0,140.0,0.19872106678524115,1280.0,0.9565217391304348,0.9565217391304348,0.0,3000.125,3434.70755,0.08399540081497
replay-01,replay,1,1786524930000000000,4.6,1.0,0.0,0.0,0.0,0.0,216716.70008695652,237087.26080000002,140.0,140.0,0.3968823637015076,1280.0,0.9565217391304348,0.9565217391304348,0.0,3023.874045454546,3610.6503499999994,0.11110083689471296
replay-01,replay,1,1786524935000000000,4.8,1.0,0.0,0.0,0.0,0.0,207409.38766666665,220310.8007,140.0,140.0,0.39809801986126303,1280.0,0.9583333333333334,0.9583333333333334,0.0,2986.572869565217,3413.3296,0.08200468109254402
replay-01,replay,1,1786524940000000000,3.6,1.0,0.0,0.0,0.0,0.0,203142.39305555556,223856.89934999996,140.0,140.0,0.33059481777025684,1280.0,0.9444444444444444,0.9444444444444444,0.0,2964.3832352941176,3327.9762,0.07640620231274886
replay-02,replay,1,1786524955000000000,4.2,1.0,0.0,0.0,0.0,0.0,209262.44538095238,228555.92,140.0,140.0,0.24864448475402523,1284.0,0.9523809523809523,0.9523809523809523,0.0,3028.50165,3375.5742000000005,0.08175562231916395
replay-02,replay,1,1786524960000000000,4.8,1.0,0.0,0.0,0.0,0.0,212745.20329166666,232707.53535,140.0,140.0,0.39613916049043374,1284.0,0.9583333333333334,0.9583333333333334,0.0,3110.114260869565,3580.4092,0.10962899104076416
replay-02,replay,1,1786524965000000000,4.6,1.0,0.0,0.0,0.0,0.0,214451.1397826087,233014.85400000002,140.0,140.0,0.3970894205759141,1284.0,0.9565217391304348,0.9565217391304348,0.0,3041.2715454545455,3459.2544999999996,0.09079418875803322
replay-02,replay,1,1786524970000000000,4.6,1.0,0.0,0.0,0.0,0.0,214077.0569130435,241167.46029999995,140.0,140.0,0.19877866274888764,1284.0,0.9565217391304348,0.9565217391304348,0.0,3043.4595454545456,3267.6082999999994,0.07646741242110698
replay-02,replay,1,1786524975000000000,4.6,1.0,0.0,0.0,0.0,0.0,209784.57265217393,220212.30539999998,140.0,140.0,0.3977291384385039,1284.0,0.9565217391304348,0.9565217391304348,0.0,3176.1209999999996,4395.618549999999,0.1902745879360872
replay-02,replay,1,1786524980000000000,4.6,1.0,0.0,0.0,0.0,0.0,213455.56408695652,230801.27730000002,140.0,140.0,0.1988506436772468,1284.0,0.9565217391304348,0.9565217391304348,0.0,3122.4271363636362,3718.23095,0.11026830738832308
replay-02,replay,1,1786524985000000000,4.8,1.0,0.0,0.0,0.0,0.0,209092.95908333335,230314.35314999995,140.0,140.0,0.39517841843952073,1284.0,0.9583333333333334,0.9583333333333334,0.0,3077.386043478261,3856.1493999999993,0.13526261837023332
replay-02,replay,1,1786524990000000000,4.6,1.0,0.0,0.0,0.0,0.0,211304.2814347826,220082.2134,140.0,140.0,0.396818779493137,1284.0,0.9565217391304348,0.9565217391304348,0.0,3270.3394545454544,3639.293,0.2448451491711832
replay-02,replay,1,1786524995000000000,4.8,1.0,0.0,0.0,0.0,0.0,209327.41204166668,225825.11485,140.0,140.0,0.1989992740426883,1284.0,0.9583333333333334,0.9583333333333334,0.0,3057.6353478260867,3468.162,0.0691094263521475
replay-02,replay,1,1786525000000000000,4.6,1.0,0.0,0.0,0.0,0.0,212855.79917391305,234836.1051,140.0,140.0,0.5944346370227029,1284.0,0.9565217391304348,0.9565217391304348,0.0,3066.245636363636,3442.1580000000004,0.0674888825669568
replay-02,replay,1,1786525005000000000,0.2,1.0,0.0,0.0,0.0,0.0,233182.89,233182.89,140.0,140.0,0.0,0.0,0.0,0.0,0.0,0.0,0.0,0.0
replay-03,replay,1,1786525015000000000,2.6,1.0,0.0,0.0,0.0,0.0,211030.78123076924,238109.2844,140.0,140.0,0.0,1280.0,0.9230769230769231,0.9230769230769231,0.0,3044.7184166666666,3499.92685,0.11545916625314008
replay-03,replay,1,1786525020000000000,4.8,1.0,0.0,0.0,0.0,0.0,210925.86187499997,233839.585,140.0,140.0,0.3974021827263224,1280.0,0.9583333333333334,0.9583333333333334,0.0,3094.9636956521736,3363.3069,0.042672442443169284
replay-03,replay,1,1786525025000000000,4.6,1.0,0.0,0.0,0.0,0.0,214417.24552173913,232353.8662,140.0,140.0,0.39760991232118525,1280.0,0.9565217391304348,0.9565217391304348,0.0,3049.165681818182,3563.3196000000003,0.11353131607411569
replay-03,replay,1,1786525030000000000,4.6,1.0,0.0,0.0,0.0,0.0,216824.083,236833.1105,140.0,140.0,0.1988798917437881,1280.0,0.9565217391304348,0.9565217391304348,0.0,2948.2283636363636,3220.9391499999997,0.06922890923578028
replay-03,replay,1,1786525035000000000,4.6,1.0,0.0,0.0,0.0,0.0,210758.49826086956,231773.31239999997,140.0,140.0,0.5954613682791703,1280.0,0.9565217391304348,0.9565217391304348,0.0,3198.953636363636,4619.869949999999,0.21880198342396093
replay-03,replay,1,1786525040000000000,4.8,1.0,0.0,0.0,0.0,0.0,209595.21104166665,226883.96894999995,140.0,140.0,0.19888507196503685,1280.0,0.9583333333333334,0.9583333333333334,0.0,3305.312347826087,5873.673199999996,0.33172138582316435
replay-03,replay,1,1786525045000000000,4.6,1.0,0.0,0.0,0.0,0.0,212370.61047826087,228111.4522,140.0,140.0,0.3978222630326962,1280.0,0.9565217391304348,0.9565217391304348,0.0,3393.4391818181816,5996.226199999997,0.3344617635504165
replay-03,replay,1,1786525050000000000,4.6,1.0,0.0,0.0,0.0,0.0,212789.01304347825,239075.96229999998,140.0,140.0,0.1975401664371314,1280.0,0.9565217391304348,0.9565217391304348,0.0,3060.2621818181815,3496.84405,0.08591972475495543
replay-03,replay,1,1786525055000000000,4.6,1.0,0.0,0.0,0.0,0.0,216300.82356521738,240550.2499,140.0,140.0,0.1984951122836482,1280.0,0.9565217391304348,0.9565217391304348,0.0,3217.996772727273,4414.3133,0.17321460818216486
replay-03,replay,1,1786525060000000000,4.4,1.0,0.0,0.0,0.0,0.0,220972.2252727273,248637.98875,140.0,140.0,0.3974606647513521,1280.0,0.9545454545454546,0.9545454545454546,0.0,3115.836523809524,3727.085,0.2255660206171592
replay-03,replay,1,1786525065000000000,2.0,1.0,0.0,0.0,0.0,0.0,209545.1867,226408.04995,140.0,140.0,0.4964924915564625,1280.0,0.9,0.9,0.0,3179.607,3542.9593999999997,0.07915593585656808
replay-04,replay,1,1786525075000000000,1.0,1.0,0.0,0.0,0.0,0.0,213432.0264,222182.07300000003,140.0,140.0,0.0,1280.0,0.8,0.8,0.0,3101.25875,3220.2468,0.03611342293183473
replay-04,replay,1,1786525080000000000,4.6,1.0,0.0,0.0,0.0,0.0,216059.39813043477,239308.5748,140.0,140.0,0.39621440061915775,1280.0,0.9565217391304348,0.9565217391304348,0.0,3060.644409090909,3842.5446999999995,0.10801559270875587
replay-04,replay,1,1786525085000000000,4.6,1.0,0.0,0.0,0.0,0.0,211776.23139130435,225708.7237,140.0,140.0,0.398485188839501,1280.0,0.9565217391304348,0.9565217391304348,0.0,3111.062909090909,3704.24755,0.12724871269635235
replay-04,replay,1,1786525090000000000,4.6,1.0,0.0,0.0,0.0,0.0,213358.57004347825,239266.93039999995,140.0,140.0,0.19888227584218096,1280.0,0.9565217391304348,0.9565217391304348,0.0,3099.2996363636366,3479.37055,0.0873624118397085
replay-04,replay,1,1786525095000000000,4.8,1.0,0.0,0.0,0.0,0.0,212371.50383333335,230821.1775,140.0,140.0,0.39800688922470334,1280.0,0.9583333333333334,0.9583333333333334,0.0,3172.193956521739,3848.4631999999992,0.16814781800023468
replay-04,replay,1,1786525100000000000,4.6,1.0,0.0,0.0,0.0,0.0,213569.14517391304,238765.3486,140.0,140.0,0.19881216095816645,1280.0,0.9565217391304348,0.9565217391304348,0.0,2994.8362272727272,3205.5699999999997,0.05251850484332846
replay-04,replay,1,1786525105000000000,4.6,1.0,0.0,0.0,0.0,0.0,212142.0494782609,225650.2249,140.0,140.0,0.5965158708360377,1280.0,0.9565217391304348,0.9565217391304348,0.0,3183.0212727272724,3449.27625,0.2262110864473609
replay-04,replay,1,1786525110000000000,4.6,1.0,0.0,0.0,0.0,0.0,213369.65556521737,237418.85519999996,140.0,140.0,0.19862701144062586,1280.0,0.9565217391304348,0.9565217391304348,0.0,3179.7594545454544,4379.650599999999,0.15593330895160804
replay-04,replay,1,1786525115000000000,4.6,1.0,0.0,0.0,0.0,0.0,210820.52582608693,226942.5929,140.0,140.0,0.39554372695300966,1280.0,0.9565217391304348,0.9565217391304348,0.0,3039.8127272727274,3718.9694,0.0943683828807199
replay-04,replay,1,1786525120000000000,4.6,1.0,0.0,0.0,0.0,0.0,214603.59882608696,228576.2599,140.0,140.0,0.24888691623552642,1280.0,0.9565217391304348,0.9565217391304348,0.0,2981.7452727272725,3212.98715,0.07447948268097974
replay-04,replay,1,1786525125000000000,3.6,1.0,0.0,0.0,0.0,0.0,212332.29616666667,230630.04669999998,140.0,140.0,0.24890088183163117,1280.0,0.9444444444444444,0.9444444444444444,0.0,2922.073529411765,3586.8265999999994,0.16532947254384023
replay-05,replay,1,1786525140000000000,4.0,1.0,0.0,0.0,0.0,0.0,216129.1071,238892.5977,140.0,140.0,0.1975157948640774,1268.0,0.95,0.95,0.0,2938.9285263157894,3292.3212999999996,0.09680112630609194
replay-05,replay,1,1786525145000000000,4.4,1.0,0.0,0.0,0.0,0.0,223333.62209090908,255070.57590000003,140.0,140.0,0.3965033229969185,1268.0,0.9545454545454546,0.9545454545454546,0.0,3040.318047619048,3563.958,0.10095059187397927
replay-05,replay,1,1786525150000000000,4.6,1.0,0.0,0.0,0.0,0.0,216660.0646521739,240700.1524,140.0,140.0,0.24845963745709873,1268.0,0.9565217391304348,0.9565217391304348,0.0,2921.8702272727273,3152.2998999999995,0.05189859683745801
replay-05,replay,1,1786525155000000000,4.4,1.0,0.0,0.0,0.0,0.0,222386.25286363636,240199.37825,140.0,140.0,0.39749571266698236,1268.0,0.9545454545454546,0.9545454545454546,0.0,3096.8001904761904,3380.211,0.06482932106022944
replay-05,replay,1,1786525160000000000,4.4,1.0,0.0,0.0,0.0,0.0,218337.2215909091,244494.93284999998,140.0,140.0,0.1974249547274965,1268.0,0.9545454545454546,0.9545454545454546,0.0,3052.8950476190475,3866.931,0.1296125723285028
replay-05,replay,1,1786525165000000000,4.6,1.0,0.0,0.0,0.0,0.0,214574.31169565217,225645.8441,140.0,140.0,0.19878278126970156,1268.0,0.9565217391304348,0.9565217391304348,0.0,2897.3571363636365,3505.45525,0.14108143479913948
replay-05,replay,1,1786525170000000000,4.6,1.0,0.0,0.0,0.0,0.0,213503.8912173913,229576.7037,140.0,140.0,0.39747690556617055,1268.0,0.9565217391304348,0.9565217391304348,0.0,3002.598636363636,3516.5134500000004,0.11111865660108064
replay-05,replay,1,1786525175000000000,4.6,1.0,0.0,0.0,0.0,0.0,217967.5007826087,235411.2982,140.0,140.0,0.19886462418975964,1268.0,0.9565217391304348,0.9565217391304348,0.0,3227.6390454545453,4508.516,0.2399668396054185
replay-05,replay,1,1786525180000000000,4.6,1.0,0.0,0.0,0.0,0.0,214510.959,234321.60169999997,140.0,140.0,0.3983876839690647,1268.0,0.9565217391304348,0.9565217391304348,0.0,3018.417409090909,3737.5201999999995,0.12556484860030906
replay-05,replay,1,1786525185000000000,4.6,1.0,0.0,0.0,0.0,0.0,217783.21191304346,236418.1066,140.0,140.0,0.19893142216096582,1268.0,0.9565217391304348,0.9565217391304348,0.0,3137.637318181818,3772.9993499999996,0.13123812829382966
replay-05,replay,1,1786525190000000000,0.6,1.0,0.0,0.0,0.0,0.0,221246.99733333333,231195.82369999998,140.0,140.0,0.0,1268.0,0.6666666666666667,0.6666666666666667,0.0,2673.7965000000004,2721.3727500000005,0.01977057715499289
replay-06,replay,1,1786525200000000000,2.0,1.0,0.0,0.0,0.0,0.0,219730.81,235685.96665000002,140.0,140.0,0.0,1284.0,0.9,0.9,0.0,2999.2728888888887,3238.9186,0.04520011516277014
replay-06,replay,1,1786525205000000000,4.6,1.0,0.0,0.0,0.0,0.0,215332.70652173914,233350.02259999997,140.0,140.0,0.39722856723195765,1284.0,0.9565217391304348,0.9565217391304348,0.0,3127.468909090909,3662.1615500000003,0.10458186349974621
replay-06,replay,1,1786525210000000000,4.6,1.0,0.0,0.0,0.0,0.0,210889.90317391304,226325.5749,140.0,140.0,0.19854629998159137,1284.0,0.9565217391304348,0.9565217391304348,0.0,2914.4127727272726,3220.0817,0.057524351741889704
replay-06,replay,1,1786525215000000000,4.6,1.0,0.0,0.0,0.0,0.0,211824.2843478261,230001.1587,140.0,140.0,0.3966005700518562,1284.0,0.9565217391304348,0.9565217391304348,0.0,2999.3250454545455,3550.83445,0.08895441640480156
replay-06,replay,1,1786525220000000000,4.6,1.0,0.0,0.0,0.0,0.0,214504.4117826087,235073.1547,140.0,140.0,0.19827737410487184,1284.0,0.9565217391304348,0.9565217391304348,0.0,3132.8828181818185,3489.4579,0.1960547128445166
replay-06,replay,1,1786525225000000000,4.8,1.0,0.0,0.0,0.0,0.0,209825.6218333333,235366.00849999997,140.0,140.0,0.3968089926399026,1284.0,0.9583333333333334,0.9583333333333334,0.0,3102.2661304347826,3874.1705999999995,0.1786483309389728
replay-06,replay,1,1786525230000000000,4.4,1.0,0.0,0.0,0.0,0.0,219924.94409090906,257740.46449999997,140.0,140.0,0.39536392218934147,1284.0,0.9545454545454546,0.9545454545454546,0.0,3081.712666666667,3300.374,0.17445585118545173
replay-06,replay,1,1786525235000000000,4.4,1.0,0.0,0.0,0.0,0.0,223047.01009090908,255199.59544999996,140.0,140.0,0.19792232895647827,1284.0,0.9545454545454546,0.9545454545454546,0.0,3025.6306190476193,3500.529,0.06609116586440528
replay-06,replay,1,1786525240000000000,4.8,1.0,0.0,0.0,0.0,0.0,212260.75229166666,232564.50705,140.0,140.0,0.24854839485597402,1284.0,0.9583333333333334,0.9583333333333334,0.0,3033.8143913043477,3592.3513999999996,0.08077567705322194
replay-06,replay,1,1786525245000000000,4.6,1.0,0.0,0.0,0.0,0.0,209323.6595652174,225659.0166,140.0,140.0,0.39486210087668183,1284.0,0.9565217391304348,0.9565217391304348,0.0,2988.7364545454548,3378.9749500000003,0.07866069212674444
replay-06,replay,1,1786525250000000000,2.6,1.0,0.0,0.0,0.0,0.0,211093.13476923076,228762.30459999997,140.0,140.0,0.33072503167619033,1284.0,0.9230769230769231,0.9230769230769231,0.0,3085.067833333333,3462.374,0.07673980347099164
replay-07,replay,1,1786525260000000000,0.4,1.0,0.0,0.0,0.0,0.0,218464.3025,227138.85485,140.0,140.0,0.0,0.0,0.5,0.5,0.0,2927.24,2927.24,0.0
replay-07,replay,1,1786525265000000000,4.6,1.0,0.0,0.0,0.0,0.0,214978.72352173913,233910.96569999997,140.0,140.0,0.1986974182116844,1280.0,0.9565217391304348,0.9565217391304348,0.0,2995.1503636363636,3339.2756,0.08159859011560318
replay-07,replay,1,1786525270000000000,4.6,1.0,0.0,0.0,0.0,0.0,213765.8236956522,243097.663,140.0,140.0,0.1990421902704527,1280.0,0.9565217391304348,0.9565217391304348,0.0,3081.2101363636366,3392.17685,0.18415627737254095
replay-07,replay,1,1786525275000000000,4.6,1.0,0.0,0.0,0.0,0.0,213260.6063478261,230662.28629999998,140.0,140.0,0.3979764366162125,1280.0,0.9565217391304348,0.9565217391304348,0.0,3067.990454545455,3476.2629500000003,0.07508054421839613
replay-07,replay,1,1786525280000000000,4.6,1.0,0.0,0.0,0.0,0.0,214391.25334782607,241756.41379999998,140.0,140.0,0.39812070894027884,1280.0,0.9565217391304348,0.9565217391304348,0.0,3013.0026818181814,3273.6098500000003,0.10726277768343845
replay-07,replay,1,1786525285000000000,4.4,1.0,0.0,0.0,0.0,0.0,220549.882,237208.67245,140.0,140.0,0.19872079864807937,1280.0,0.9545454545454546,0.9545454545454546,0.0,3253.7169047619045,3955.995,0.24524283612794906
replay-07,replay,1,1786525290000000000,4.6,1.0,0.0,0.0,0.0,0.0,213960.5238695652,236789.7059,140.0,140.0,0.19924158451763463,1280.0,0.9565217391304348,0.9565217391304348,0.0,3081.8160909090907,3380.4549500000003,0.06344374227634132
replay-07,replay,1,1786525295000000000,4.8,1.0,0.0,0.0,0.0,0.0,211167.45962500002,234183.42105,140.0,140.0,0.3966370441576704,1280.0,0.9583333333333334,0.9583333333333334,0.0,3015.8917391304344,3356.3920999999996,0.13557372091940414
replay-07,replay,1,1786525300000000000,4.4,1.0,0.0,0.0,0.0,0.0,215496.07140909092,226267.28795000003,140.0,140.0,0.39782755158679856,1280.0,0.9545454545454546,0.9545454545454546,0.0,3109.9499523809523,3425.646,0.11270352806487445
replay-07,replay,1,1786525305000000000,4.6,1.0,0.0,0.0,0.0,0.0,214591.66304347827,240455.9887,140.0,140.0,0.19829992713270878,1280.0,0.9565217391304348,0.9565217391304348,0.0,3006.668090909091,3466.7929000000004,0.0793023399407653
replay-07,replay,1,1786525310000000000,4.2,1.0,0.0,0.0,0.0,0.0,214715.34976190474,237156.989,140.0,140.0,0.49683990399452693,1280.0,0.9523809523809523,0.9523809523809523,0.0,2966.12725,3286.91905,0.07176742688151384
replay-08,replay,1,1786525325000000000,3.4,1.0,0.0,0.0,0.0,0.0,214783.53876470588,232179.02039999998,140.0,140.0,0.3318348448234643,1280.0,0.9411764705882353,0.9411764705882353,0.0,3278.0658125,4677.15125,0.2740367270250285
replay-08,replay,1,1786525330000000000,4.4,1.0,0.0,0.0,0.0,0.0,223085.49445454546,252182.2266,140.0,140.0,0.3974110263059413,1280.0,0.9545454545454546,0.9545454545454546,0.0,3115.511,3720.896,0.08608379059932161
replay-08,replay,1,1786525335000000000,4.4,1.0,0.0,0.0,0.0,0.0,221377.86663636361,238755.4738,140.0,140.0,0.39667354792149634,1280.0,0.9545454545454546,0.9545454545454546,0.0,3037.776523809524,3487.542,0.08336361556119984
replay-08,replay,1,1786525340000000000,4.6,1.0,0.0,0.0,0.0,0.0,216596.5554347826,241757.0301,140.0,140.0,0.0,1280.0,0.9565217391304348,0.9565217391304348,0.0,2959.941,3264.4791999999998,0.06246458519784877
replay-08,replay,1,1786525345000000000,4.6,1.0,0.0,0.0,0.0,0.0,217513.7326521739,238392.256,140.0,140.0,0.595022002826533,1280.0,0.9565217391304348,0.9565217391304348,0.0,3021.486136363637,3624.5645999999997,0.14507112551777604
replay-08,replay,1,1786525350000000000,4.4,1.0,0.0,0.0,0.0,0.0,218756.83049999998,235396.9439,140.0,140.0,0.19870786001419138,1280.0,0.9545454545454546,0.9545454545454546,0.0,2983.164619047619,3283.771,0.09736665605964738
replay-08,replay,1,1786525355000000000,4.6,1.0,0.0,0.0,0.0,0.0,215311.1090869565,232943.3707,140.0,140.0,0.19907176023351278,1280.0,0.9565217391304348,0.9565217391304348,0.0,2973.581181818182,3536.2878,0.08143895253745277
replay-08,replay,1,1786525360000000000,4.6,1.0,0.0,0.0,0.0,0.0,216308.6707826087,241861.6116,140.0,140.0,0.19842669517193137,1280.0,0.9565217391304348,0.9565217391304348,0.0,3101.1532272727272,3399.8975499999997,0.1422751769632411
replay-08,replay,1,1786525365000000000,4.6,1.0,0.0,0.0,0.0,0.0,216452.55052173915,234242.0667,140.0,140.0,0.39749714044258405,1280.0,0.9565217391304348,0.9565217391304348,0.0,2948.0565454545454,3187.0087,0.0703575738066813
replay-08,replay,1,1786525370000000000,4.8,1.0,0.0,0.0,0.0,0.0,200923.43579166665,214563.00965,140.0,140.0,0.3977244114332872,1280.0,0.9583333333333334,0.9583333333333334,0.0,2969.907304347826,3610.9584999999997,0.09766327812021007
replay-08,replay,1,1786525375000000000,1.2,1.0,0.0,0.0,0.0,0.0,215579.78016666663,226834.3365,140.0,140.0,0.0,1280.0,0.8333333333333334,0.8333333333333334,0.0,3141.2578000000003,3714.764,0.1195149393886431
replay-09,replay,1,1786525385000000000,1.8,1.0,0.0,0.0,0.0,0.0,215574.16222222222,233399.3448,140.0,140.0,0.49034005957898474,1280.0,0.8888888888888888,0.8888888888888888,0.0,3047.763125,3570.6014499999997,0.10211949691134596
replay-09,replay,1,1786525390000000000,4.8,1.0,0.0,0.0,0.0,0.0,212325.073875,230354.54760000002,140.0,140.0,0.1982700442960063,1280.0,0.9583333333333334,0.9583333333333334,0.0,3039.7228260869565,3686.7982999999995,0.12843191675886553
replay-09,replay,1,1786525395000000000,4.4,1.0,0.0,0.0,0.0,0.0,217902.5005,240803.05404999998,140.0,140.0,0.19910234568078178,1280.0,0.9545454545454546,0.9545454545454546,0.0,3165.831857142857,4056.839,0.219381469509157
replay-09,replay,1,1786525400000000000,4.6,1.0,0.0,0.0,0.0,0.0,215673.9085652174,234463.2142,140.0,140.0,0.3977773187854784,1280.0,0.9565217391304348,0.9565217391304348,0.0,2974.5066818181817,3244.6192499999997,0.057151352262075246
replay-09,replay,1,1786525405000000000,4.6,1.0,0.0,0.0,0.0,0.0,217995.54239130433,236226.8864,140.0,140.0,0.3979675678377329,1280.0,0.9565217391304348,0.9565217391304348,0.0,3024.4757272727275,3484.7123,0.09978354948129711
replay-09,replay,1,1786525410000000000,4.6,1.0,0.0,0.0,0.0,0.0,215373.69204347828,237331.91580000002,140.0,140.0,0.19916816400545484,1280.0,0.9565217391304348,0.9565217391304348,0.0,2996.577818181818,3469.0780999999997,0.08667461582840721
replay-09,replay,1,1786525415000000000,4.4,1.0,0.0,0.0,0.0,0.0,219140.53736363634,241664.1503,140.0,140.0,0.24873549144284837,1280.0,0.9545454545454546,0.9545454545454546,0.0,3017.5953809523808,3278.223,0.06675282495116919
replay-09,replay,1,1786525420000000000,4.6,1.0,0.0,0.0,0.0,0.0,213981.46078260872,229060.7203,140.0,140.0,0.3980429321441911,1280.0,0.9565217391304348,0.9565217391304348,0.0,3004.5512727272726,3307.11335,0.10812751259053519
replay-09,replay,1,1786525425000000000,4.6,1.0,0.0,0.0,0.0,0.0,220023.72017391305,245680.62230000002,140.0,140.0,0.3976125048020833,1280.0,0.9565217391304348,0.9565217391304348,0.0,3064.5140454545453,3414.0887999999995,0.09077430910589442
replay-09,replay,1,1786525430000000000,4.6,1.0,0.0,0.0,0.0,0.0,213133.18526086956,227623.3639,140.0,140.0,0.19916085247759724,1280.0,0.9565217391304348,0.9565217391304348,0.0,2976.4019545454544,3391.3217000000004,0.0721938896544249
replay-09,replay,1,1786525435000000000,2.6,1.0,0.0,0.0,0.0,0.0,216523.1366923077,235644.0702,140.0,140.0,0.331711110100719,1280.0,0.9230769230769231,0.9230769230769231,0.0,3129.498,3703.3980999999994,0.0972803190289977
steady-00,steady,0,1786521125000000000,3.4,0.23529411764705882,0.47058823529411764,0.29411764705882354,0.0,0.23529411764705882,232897.6694117647,418631.4568,21.058823529411764,70.0,0.3303802234289891,1280.0,0.17647058823529416,0.11764705882352944,0.75,11166.86825,11555.846,0.018301335402120485
steady-00,steady,0,1786521130000000000,4.0,0.25,0.5,0.25,0.0,0.3,235912.32615,382239.69155000005,22.0,70.0,0.19713888336650856,1280.0,0.19999999999999996,0.09999999999999998,0.7368421052631579,11345.60952631579,11713.967299999997,0.03208173244908285
steady-00,steady,0,1786521135000000000,4.0,0.25,0.5,0.25,0.0,0.25,240685.81179999997,352000.85144999996,22.0,70.0,0.1990601997716807,1280.0,0.15000000000000002,0.09999999999999998,0.7368421052631579,11298.877684210527,12636.022599999997,0.06401236031235506
steady-00,steady,0,1786521140000000000,4.0,0.25,0.5,0.25,0.0,0.3,228570.3914,386745.24559999997,22.0,70.0,0.19886777357602986,1280.0,0.25,0.050000000000000044,0.7368421052631579,11001.836894736844,11435.239,0.021133522016670184
steady-00,steady,0,1786521145000000000,4.4,0.2727272727272727,0.5,0.22727272727272727,0.0,0.2727272727272727,220081.65363636363,415313.8812,23.454545454545453,70.0,0.5935735633449238,1280.0,0.2272727272727273,0.13636363636363635,0.7619047619047619,11203.833904761905,11581.267,0.023774639602003
steady-00,steady,0,1786521150000000000,4.2,0.23809523809523808,0.5238095238095238,0.23809523809523808,0.0,0.38095238095238093,220162.51528571427,372234.955,21.238095238095237,70.0,0.19904771670990734,1280.0,0.33333333333333337,0.04761904761904767,0.75,11218.110700000001,11667.190150000002,0.04643265074629102
steady-00,steady,0,1786521155000000000,4.2,0.23809523809523808,0.47619047619047616,0.2857142857142857,0.0,0.23809523809523808,237639.11647619045,363692.169,21.238095238095237,70.0,0.39702307467804687,1280.0,0.38095238095238093,0.19047619047619047,0.75,11171.14755,11529.96865,0.024170418740884055
steady-00,steady,0,1786521160000000000,4.4,0.2727272727272727,0.5,0.22727272727272727,0.0,0.3181818181818182,216490.6009090909,353224.0723,23.454545454545453,70.0,0.19890978541164803,1280.0,0.18181818181818177,0.13636363636363635,0.7619047619047619,11206.863238095239,11713.12,0.02818678254132013
steady-00,steady,0,1786521165000000000,4.4,0.22727272727272727,0.5,0.2727272727272727,0.0,0.2727272727272727,211483.33904545454,329725.8761,20.545454545454547,70.0,0.3983302159913884,1280.0,0.2272727272727273,0.045454545454545414,0.7619047619047619,11121.249904761904,11589.984,0.023346031623854856
steady-00,steady,0,1786521170000000000,4.4,0.2727272727272727,0.5,0.22727272727272727,0.0,0.45454545454545453,222575.20536363637,392408.79485,23.454545454545453,70.0,0.1986028774150898,1280.0,0.36363636363636365,0.2272727272727273,0.7619047619047619,10938.978380952381,11401.496,0.08432767847549967
steady-00,steady,0,1786521175000000000,0.8,0.25,0.5,0.25,0.0,0.0,225169.655,338282.51774999994,22.0,70.0,0.9948443445348355,1280.0,0.0,0.0,1.0,12519.623666666666,14580.8352,0.13626027598028015
steady-01,steady,0,1786521185000000000,1.4,0.2857142857142857,0.5714285714285714,0.14285714285714285,0.0,0.14285714285714285,225653.3067142857,347673.3799,24.285714285714285,70.0,0.496971163028604,1284.0,0.1428571428571429,0.1428571428571429,0.6666666666666666,11145.585833333333,11372.97125,0.0146185387588828
steady-01,steady,0,1786521190000000000,4.2,0.23809523809523808,0.47619047619047616,0.2857142857142857,0.0,0.3333333333333333,229109.40242857145,355260.133,21.238095238095237,70.0,0.1987363622661487,1284.0,0.19047619047619047,0.04761904761904767,0.75,11200.42865,11696.769,0.0317390182155532
steady-01,steady,0,1786521195000000000,4.4,0.2727272727272727,0.5,0.22727272727272727,0.0,0.4090909090909091,222078.20381818182,376740.0628,23.454545454545453,70.0,0.19877165774364963,1284.0,0.31818181818181823,0.045454545454545414,0.7619047619047619,11304.633333333333,12045.236,0.07439575074137438
steady-01,steady,0,1786521200000000000,4.6,0.2608695652173913,0.4782608695652174,0.2608695652173913,0.0,0.4782608695652174,207430.59260869565,364728.86299999995,22.695652173913043,70.0,0.39814371272872323,1284.0,0.26086956521739135,0.04347826086956519,0.7727272727272727,10975.99309090909,11697.738299999999,0.040023220556021824
steady-01,steady,0,1786521205000000000,4.6,0.21739130434782608,0.5217391304347826,0.2608695652173913,0.0,0.43478260869565216,207756.97569565216,355482.52209999994,19.91304347826087,70.0,0.19873945091242978,1284.0,0.30434782608695654,0.08695652173913049,0.7272727272727273,11066.973045454546,11566.43565,0.03251033481690147
steady-01,steady,0,1786521210000000000,4.0,0.25,0.5,0.25,0.0,0.4,240483.00439999998,400778.5574,22.0,70.0,0.39533388132156233,1284.0,0.25,0.050000000000000044,0.7368421052631579,11181.741421052631,11881.9462,0.02961458154450627
steady-01,steady,0,1786521215000000000,4.0,0.25,0.5,0.25,0.0,0.4,223797.9586,364764.04230000003,22.0,70.0,0.3958323617176281,1284.0,0.25,0.15000000000000002,0.7368421052631579,11259.108315789475,11742.1023,0.02754216317827174
steady-01,steady,0,1786521220000000000,4.0,0.25,0.5,0.25,0.0,0.35,251535.31295,396305.3552,22.0,70.0,0.19762807085798356,1284.0,0.25,0.09999999999999998,0.7368421052631579,11302.891315789473,12082.6295,0.041941522088710145
steady-01,steady,0,1786521225000000000,3.6,0.2777777777777778,0.5,0.2222222222222222,0.0,0.4444444444444444,260477.9701666667,422208.21484999993,23.77777777777778,70.0,0.49615645655193186,1284.0,0.11111111111111116,0.05555555555555558,0.7647058823529411,11687.557352941178,13243.250999999997,0.1259084340866709
steady-01,steady,0,1786521230000000000,4.2,0.23809523809523808,0.5238095238095238,0.23809523809523808,0.0,0.2857142857142857,231194.76280952382,343626.142,21.238095238095237,70.0,0.19844094770217316,1284.0,0.19047619047619047,0.0,0.75,11149.573550000001,11902.364450000001,0.03034499381774213
steady-01,steady,0,1786521235000000000,2.4,0.25,0.5,0.25,0.0,0.25,217640.02850000001,362276.3815,22.0,70.0,0.32958084057666,1284.0,0.0,0.0,0.7272727272727273,11197.552545454544,11607.1345,0.02308676797127683
steady-02,steady,0,1786521245000000000,0.4,0.5,0.5,0.0,0.0,0.5,210352.391,219434.3864,38.0,70.0,0.0,0.0,0.0,0.0,1.0,11072.681,11072.681,0.0
steady-02,steady,0,1786521250000000000,4.0,0.25,0.5,0.25,0.0,0.35,242882.82615,396353.59225000005,22.0,70.0,0.19767108962812924,1280.0,0.19999999999999996,0.050000000000000044,0.7894736842105263,11115.176842105262,11444.141,0.017720558332011603
steady-02,steady,0,1786521255000000000,4.0,0.25,0.5,0.25,0.0,0.5,237608.45705,377284.55905,22.0,70.0,0.3975096860887077,1280.0,0.30000000000000004,0.19999999999999996,0.7894736842105263,11200.282684210526,11665.088199999997,0.0470706037138287
steady-02,steady,0,1786521260000000000,4.4,0.22727272727272727,0.5,0.2727272727272727,0.0,0.45454545454545453,213921.66881818182,353411.1972,20.545454545454547,70.0,0.3970415479433665,1280.0,0.36363636363636365,0.18181818181818177,0.7619047619047619,10953.714,11365.56,0.03221806495603274
steady-02,steady,0,1786521265000000000,4.4,0.2727272727272727,0.5,0.22727272727272727,0.0,0.2727272727272727,220028.68377272727,366601.0718,23.454545454545453,70.0,0.1985912530297913,1280.0,0.31818181818181823,0.09090909090909094,0.7619047619047619,11036.864047619047,11263.084,0.014547240563031695
steady-02,steady,0,1786521270000000000,4.2,0.23809523809523808,0.5238095238095238,0.23809523809523808,0.0,0.23809523809523808,225643.3633809524,355863.541,21.238095238095237,70.0,0.19888441831631778,1280.0,0.1428571428571429,0.0,0.75,11098.7461,11457.0684,0.019127975496390167
steady-02,steady,0,1786521275000000000,4.6,0.2608695652173913,0.4782608695652174,0.2608695652173913,0.0,0.391304347826087,208759.96556521737,344091.04949999996,22.695652173913043,70.0,0.1988349380142967,1280.0,0.21739130434782605,0.17391304347826086,0.7727272727272727,11067.082454545454,11407.768250000001,0.020534249320232872
steady-02,steady,0,1786521280000000000,4.2,0.23809523809523808,0.5238095238095238,0.23809523809523808,0.0,0.38095238095238093,222124.45861904763,354259.34,21.238095238095237,70.0,0.597252122350735,1280.0,0.2857142857142857,0.1428571428571429,0.75,11028.206049999999,11453.331,0.02685121133624466
steady-02,steady,0,1786521285000000000,4.0,0.25,0.5,0.25,0.0,0.6,230458.00385000004,368953.35165,22.0,70.0,0.19805707534129668,1280.0,0.25,0.15000000000000002,0.7368421052631579,11285.71347368421,11891.374199999998,0.03840232841591169
steady-02,steady,0,1786521290000000000,4.2,0.23809523809523808,0.47619047619047616,0.2857142857142857,0.0,0.38095238095238093,236164.45947619047,366239.535,21.238095238095237,70.0,0.19916512251125676,1280.0,0.23809523809523814,0.1428571428571429,0.75,11319.14935,12060.65655,0.04919488476552175
steady-02,steady,0,1786521295000000000,3.6,0.2777777777777778,0.5,0.2222222222222222,0.0,0.2777777777777778,227936.01405555557,359364.21134999994,23.77777777777778,70.0,0.496816999307458,1280.0,0.2777777777777778,0.11111111111111116,0.7647058823529411,11130.08405882353,12036.361,0.03216853264623853
steady-03,steady,0,1786521310000000000,2.8,0.2857142857142857,0.42857142857142855,0.2857142857142857,0.0,0.14285714285714285,252779.66414285713,359371.5889,24.285714285714285,70.0,0.3291795086258867,1280.0,0.0714285714285714,0.0,0.7692307692307693,11340.328846153845,12313.384999999998,0.043410510734976995
steady-03,steady,0,1786521315000000000,3.8,0.21052631578947367,0.5263157894736842,0.2631578947368421,0.0,0.47368421052631576,243277.65742105266,376721.1151999999,19.473684210526315,70.0,0.1992285938575842,1280.0,0.26315789473684215,0.052631578947368474,0.7222222222222222,11383.668611111112,12432.821649999998,0.047122129081870905
steady-03,steady,0,1786521320000000000,4.2,0.2857142857142857,0.47619047619047616,0.23809523809523808,0.0,0.38095238095238093,228355.83071428572,394891.719,24.285714285714285,70.0,0.5973634639481015,1280.0,0.19047619047619047,0.04761904761904767,0.75,11234.4398,11967.82815,0.03677953006119003
steady-03,steady,0,1786521325000000000,4.4,0.22727272727272727,0.5454545454545454,0.22727272727272727,0.0,0.2727272727272727,219626.53822727271,362618.68684999994,20.545454545454547,70.0,0.0,1280.0,0.2272727272727273,0.09090909090909094,0.7142857142857143,11117.996428571429,11378.34,0.04251693921574922
steady-03,steady,0,1786521330000000000,4.2,0.23809523809523808,0.47619047619047616,0.2857142857142857,0.0,0.3333333333333333,216874.4459047619,337550.046,21.238095238095237,70.0,0.39760928950785,1280.0,0.2857142857142857,0.1428571428571429,0.75,11100.8172,11469.776849999998,0.022424883221933204
steady-03,steady,0,1786521335000000000,4.6,0.2608695652173913,0.5217391304347826,0.21739130434782608,0.0,0.34782608695652173,206574.53178260868,343357.4486,22.695652173913043,70.0,0.39422246706886865,1280.0,0.13043478260869568,0.08695652173913049,0.7272727272727273,11096.192090909091,11407.204500000002,0.016103208699677598
steady-03,steady,0,1786521340000000000,4.6,0.2608695652173913,0.4782608695652174,0.2608695652173913,0.0,0.43478260869565216,216955.2517826087,342012.33919999993,22.695652173913043,70.0,0.19717556084757012,1280.0,0.30434782608695654,0.04347826086956519,0.7727272727272727,11142.7955,11479.5494,0.026958094148029795
steady-03,steady,0,1786521345000000000,4.0,0.25,0.5,0.25,0.0,0.5,232697.99125000002,351760.3963,22.0,70.0,0.3951772857001389,1280.0,0.30000000000000004,0.15000000000000002,0.7894736842105263,11341.43694736842,12196.425599999991,0.07413204641260854
steady-03,steady,0,1786521350000000000,4.6,0.2608695652173913,0.4782608695652174,0.2608695652173913,0.0,0.2608695652173913,212442.5486956522,335382.0613,22.695652173913043,70.0,0.3973394422311694,1280.0,0.30434782608695654,0.21739130434782605,0.7727272727272727,11211.3535,12007.299449999999,0.049873695437815536
steady-03,steady,0,1786521355000000000,4.0,0.25,0.5,0.25,0.0,0.45,235452.66965,346454.07214999996,22.0,70.0,0.19888672618026437,1280.0,0.25,0.050000000000000044,0.7368421052631579,11414.493,12160.201399999987,0.13438563729887398
steady-03,steady,0,1786521360000000000,1.2,0.16666666666666666,0.6666666666666666,0.16666666666666666,0.0,0.3333333333333333,192595.644,286488.056,16.666666666666668,70.0,0.0,1280.0,0.0,0.0,0.6,11276.1212,12150.6418,0.050987728614907905
steady-04,steady,0,1786521370000000000,1.6,0.25,0.5,0.25,0.0,0.375,192501.132125,269360.4798999999,22.0,70.0,0.0,1280.0,0.0,0.0,0.7142857142857143,11130.051857142857,11679.2536,0.03236402265836445
steady-04,steady,0,1786521375000000000,4.4,0.22727272727272727,0.5454545454545454,0.22727272727272727,0.0,0.3181818181818182,217462.39295454547,350425.8077,20.545454545454547,70.0,0.19851179814127703,1280.0,0.18181818181818177,0.045454545454545414,0.7142857142857143,10973.253047619048,11265.169,0.017553159674774475
steady-04,steady,0,1786521380000000000,4.0,0.25,0.5,0.25,0.0,0.2,235432.14049999998,358621.21565,22.0,70.0,0.3973400968816646,1280.0,0.19999999999999996,0.050000000000000044,0.7368421052631579,11097.057789473683,11456.984,0.01759234592832296
steady-04,steady,0,1786521385000000000,3.8,0.2631578947368421,0.47368421052631576,0.2631578947368421,0.0,0.3684210526315789,250785.41657894736,366985.19899999996,22.842105263157894,70.0,0.3967896978299518,1280.0,0.26315789473684215,0.1578947368421053,0.7777777777777778,11297.108055555556,12242.688849999997,0.07417615999506258
steady-04,steady,0,1786521390000000000,4.6,0.2608695652173913,0.4782608695652174,0.2608695652173913,0.0,0.391304347826087,208766.8271304348,307800.0337,22.695652173913043,70.0,0.198458825914093,1280.0,0.30434782608695654,0.08695652173913049,0.7727272727272727,11073.12581818182,11621.53085,0.05878565084435202
steady-04,steady,0,1786521395000000000,4.6,0.21739130434782608,0.5217391304347826,0.2608695652173913,0.0,0.5217391304347826,208880.36104347825,374937.9312,19.91304347826087,70.0,0.3959749800712385,1280.0,0.30434782608695654,0.13043478260869568,0.7272727272727273,11334.197181818181,11589.2654,0.08359383429611444
steady-04,steady,0,1786521400000000000,4.6,0.2608695652173913,0.5217391304347826,0.21739130434782608,0.0,0.4782608695652174,192822.74165217392,219718.32069999998,22.695652173913043,70.0,0.19900390367151963,1280.0,0.13043478260869568,0.08695652173913049,0.7272727272727273,11162.907045454545,11728.0659,0.02592756589538467
steady-04,steady,0,1786521405000000000,4.6,0.2608695652173913,0.4782608695652174,0.2608695652173913,0.0,0.391304347826087,215718.55273913042,348625.6359,22.695652173913043,70.0,0.39818620826868667,1280.0,0.34782608695652173,0.08695652173913049,0.7727272727272727,11049.26840909091,11601.1066,0.02670536961006562
steady-04,steady,0,1786521410000000000,4.4,0.22727272727272727,0.5,0.2727272727272727,0.0,0.5454545454545454,213124.03977272726,326180.2459,20.545454545454547,70.0,0.19890994030914586,1280.0,0.2727272727272727,0.13636363636363635,0.7619047619047619,11138.701952380952,11551.333,0.024627333896031365
steady-04,steady,0,1786521415000000000,4.0,0.25,0.5,0.25,0.0,0.4,247341.87145000004,378319.47170000005,22.0,70.0,0.39728759982264394,1280.0,0.15000000000000002,0.09999999999999998,0.7368421052631579,11146.195315789475,11707.352,0.023918040026284063
steady-04,steady,0,1786521420000000000,2.6,0.3076923076923077,0.46153846153846156,0.23076923076923078,0.0,0.38461538461538464,224611.98453846155,355513.58459999994,25.692307692307693,70.0,0.3319271306827385,1280.0,0.15384615384615385,0.07692307692307687,0.75,11250.7185,12112.0505,0.03804766972455228
steady-05,steady,0,1786521430000000000,0.2,0.0,1.0,0.0,0.0,1.0,169109.584,169109.584,6.0,6.0,0.0,0.0,0.0,0.0,0.0,0.0,0.0,0.0
steady-05,steady,0,1786521435000000000,4.6,0.2608695652173913,0.4782608695652174,0.2608695652173913,0.0,0.30434782608695654,209498.3600434783,333628.0803,22.695652173913043,70.0,0.19890150735190143,1280.0,0.34782608695652173,0.0,0.7727272727272727,10938.000045454544,11554.123800000001,0.027179030700380507
steady-05,steady,0,1786521440000000000,4.6,0.2608695652173913,0.4782608695652174,0.2608695652173913,0.0,0.5217391304347826,204897.3582173913,340247.1113,22.695652173913043,70.0,0.19906956061877193,1280.0,0.30434782608695654,0.08695652173913049,0.7727272727272727,11076.576636363636,11778.9241,0.03101844321104736
steady-05,steady,0,1786521445000000000,4.6,0.21739130434782608,0.5217391304347826,0.2608695652173913,0.0,0.34782608695652173,210805.1929130435,349822.8135,19.91304347826087,70.0,0.3979766349758519,1280.0,0.26086956521739135,0.13043478260869568,0.7272727272727273,10984.487545454545,11420.83725,0.01856382582007199
steady-05,steady,0,1786521450000000000,4.6,0.2608695652173913,0.5217391304347826,0.21739130434782608,0.0,0.21739130434782608,206050.35695652175,327203.1946,22.695652173913043,70.0,0.19926675652189235,1280.0,0.34782608695652173,0.17391304347826086,0.7272727272727273,10885.399863636363,11244.414899999998,0.017225615024210997
steady-05,steady,0,1786521455000000000,4.6,0.2608695652173913,0.4782608695652174,0.2608695652173913,0.0,0.391304347826087,205274.87873913045,304758.47439999995,22.695652173913043,70.0,0.1989530121609392,1280.0,0.21739130434782605,0.08695652173913049,0.7727272727272727,10917.617454545454,11139.4025,0.026968608455305708
steady-05,steady,0,1786521460000000000,4.8,0.25,0.5,0.25,0.0,0.4583333333333333,195182.20508333333,334163.86899999995,22.0,70.0,0.39798268743742476,1280.0,0.25,0.125,0.782608695652174,10967.971347826087,11326.7691,0.020640741778364283
steady-05,steady,0,1786521465000000000,4.4,0.22727272727272727,0.5,0.2727272727272727,0.0,0.45454545454545453,209949.55877272727,332804.7283,20.545454545454547,70.0,0.19819794189790468,1280.0,0.2727272727272727,0.13636363636363635,0.7619047619047619,11038.011666666667,12356.266,0.06405641388789693
steady-05,steady,0,1786521470000000000,4.8,0.25,0.5,0.25,0.0,0.375,202822.95016666668,330455.01425,22.0,70.0,0.3975794397589437,1280.0,0.25,0.08333333333333337,0.7391304347826086,11124.729739130435,12325.358099999998,0.054416037029544624
steady-05,steady,0,1786521475000000000,4.8,0.25,0.5,0.25,0.0,0.20833333333333334,198093.256625,304058.20775,22.0,70.0,0.397920229069586,1280.0,0.375,0.16666666666666663,0.7391304347826086,10994.709826086957,11337.2403,0.03033731769228522
steady-05,steady,0,1786521480000000000,4.2,0.2857142857142857,0.47619047619047616,0.23809523809523808,0.0,0.09523809523809523,218022.71938095236,325986.767,24.285714285714285,70.0,0.24885995785035006,1280.0,0.23809523809523814,0.04761904761904767,0.75,11070.495850000001,11351.267200000002,0.0553846218445799
steady-06,steady,0,1786521495000000000,3.4,0.23529411764705882,0.5294117647058824,0.23529411764705882,0.0,0.23529411764705882,193416.9996470588,302401.8732,21.058823529411764,70.0,0.3318202472740344,1268.0,0.11764705882352944,0.0,0.75,11120.890125,12083.25275,0.07362841543368247
steady-06,steady,0,1786521500000000000,4.4,0.2727272727272727,0.45454545454545453,0.2727272727272727,0.0,0.18181818181818182,210200.12277272728,319553.6516,23.454545454545453,70.0,0.19904181588300823,1268.0,0.2727272727272727,0.09090909090909094,0.7619047619047619,10982.29961904762,11422.739,0.02061527634883638
steady-06,steady,0,1786521505000000000,5.0,0.24,0.52,0.24,0.0,0.4,193679.02375999998,311678.532,21.36,70.0,0.39757910791513484,1268.0,0.36,0.16000000000000003,0.75,11334.262541666665,12670.613449999999,0.07788171802492744
steady-06,steady,0,1786521510000000000,4.2,0.23809523809523808,0.5238095238095238,0.23809523809523808,0.0,0.47619047619047616,215991.34685714287,350208.663,21.238095238095237,70.0,0.19890911478541776,1268.0,0.33333333333333337,0.1428571428571429,0.75,11282.6182,12970.899700000002,0.0610509809240163
steady-06,steady,0,1786521515000000000,4.6,0.2608695652173913,0.4782608695652174,0.2608695652173913,0.0,0.43478260869565216,216388.90500000003,344489.32279999997,22.695652173913043,70.0,0.397208210904045,1268.0,0.34782608695652173,0.17391304347826086,0.7727272727272727,10918.842181818181,11216.1644,0.019234722886834473
steady-06,steady,0,1786521520000000000,5.0,0.24,0.52,0.24,0.0,0.28,182054.63348000002,300684.94779999997,21.36,70.0,0.19916950459310373,1268.0,0.24,0.07999999999999996,0.75,10889.228708333334,11205.95385,0.018042979814803475
steady-06,steady,0,1786521525000000000,4.6,0.2608695652173913,0.4782608695652174,0.2608695652173913,0.0,0.4782608695652174,212436.70743478258,355800.31279999996,22.695652173913043,70.0,0.3978928253709214,1268.0,0.17391304347826086,0.08695652173913049,0.7727272727272727,11096.722318181819,11743.4807,0.04437740967676958
steady-06,steady,0,1786521530000000000,4.4,0.22727272727272727,0.5,0.2727272727272727,0.0,0.4090909090909091,209511.56086363635,364337.75645,20.545454545454547,70.0,0.19843889805629747,1268.0,0.40909090909090906,0.13636363636363635,0.7619047619047619,10988.688,11612.858,0.03023703051244648
steady-06,steady,0,1786521535000000000,5.0,0.28,0.48,0.24,0.0,0.28,191906.28088,311913.36999999994,23.92,70.0,0.39806823152252335,1268.0,0.24,0.12,0.75,11153.20775,11546.105049999998,0.04961702123992487
steady-06,steady,0,1786521540000000000,4.8,0.25,0.5,0.25,0.0,0.2916666666666667,199607.2552916667,308395.44745000004,22.0,70.0,0.19885241298091888,1268.0,0.25,0.08333333333333337,0.7391304347826086,10947.629782608696,11257.2788,0.01744094069547223
steady-06,steady,0,1786521545000000000,1.4,0.14285714285714285,0.5714285714285714,0.2857142857142857,0.0,0.42857142857142855,194464.34428571427,309010.77119999996,15.142857142857142,70.0,0.9958433082061287,1268.0,0.0,0.0,0.6666666666666666,10843.016333333333,10993.33425,0.012124804583399018
steady-07,steady,0,1786521555000000000,2.0,0.3,0.5,0.2,0.0,0.3,212591.4213,367963.20975000004,25.2,70.0,0.4976331467770031,1284.0,0.0,0.0,0.7777777777777778,11081.530111111111,11269.7814,0.011213772205883269
steady-07,steady,0,1786521560000000000,5.0,0.24,0.52,0.24,0.0,0.4,185853.72147999998,306374.3427999999,21.36,70.0,0.39764767269663703,1284.0,0.31999999999999995,0.12,0.75,10982.325041666665,11355.390549999998,0.02331429346292583
steady-07,steady,0,1786521565000000000,5.4,0.25925925925925924,0.48148148148148145,0.25925925925925924,0.0,0.5555555555555556,178409.97659259257,261329.5786,22.59259259259259,70.0,0.19917853176583028,1284.0,0.2962962962962963,0.14814814814814814,0.7692307692307693,10971.954615384615,11589.62775,0.034009897731950026
steady-07,steady,0,1786521570000000000,4.6,0.2608695652173913,0.4782608695652174,0.2608695652173913,0.0,0.34782608695652173,207273.1266521739,331642.79349999997,22.695652173913043,70.0,0.39804471026968785,1284.0,0.13043478260869568,0.08695652173913049,0.7727272727272727,11017.408590909092,11827.42535,0.040709288841511614
steady-07,steady,0,1786521575000000000,4.4,0.22727272727272727,0.5454545454545454,0.22727272727272727,0.0,0.36363636363636365,214719.43927272726,381288.31135,20.545454545454547,70.0,0.19920252952551257,1284.0,0.2727272727272727,0.13636363636363635,0.7142857142857143,11034.756,11482.269,0.020876876627456104
steady-07,steady,0,1786521580000000000,4.2,0.23809523809523808,0.47619047619047616,0.2857142857142857,0.0,0.23809523809523808,213052.29604761905,350148.896,21.238095238095237,70.0,0.19691548434671555,1284.0,0.33333333333333337,0.1428571428571429,0.75,10877.954399999999,11086.1821,0.01521268771778885
steady-07,steady,0,1786521585000000000,4.8,0.25,0.5,0.25,0.0,0.3333333333333333,209343.905375,343975.55835,22.0,70.0,0.396071327912248,1284.0,0.29166666666666663,0.16666666666666663,0.7391304347826086,10816.421304347827,11186.1498,0.016464363006851317
steady-07,steady,0,1786521590000000000,5.0,0.28,0.48,0.24,0.0,0.4,184941.23728,318518.6947999999,23.92,70.0,0.19927730610289718,1284.0,0.28,0.16000000000000003,0.75,10893.605583333332,11175.875399999999,0.017785319442594212
steady-07,steady,0,1786521595000000000,4.6,0.21739130434782608,0.5217391304347826,0.2608695652173913,0.0,0.34782608695652173,202689.56426086958,321398.0216,19.91304347826087,70.0,0.3982289220733014,1284.0,0.13043478260869568,0.0,0.7272727272727273,11030.37740909091,11688.863550000002,0.036135926736666005
steady-07,steady,0,1786521600000000000,5.0,0.28,0.48,0.24,0.0,0.24,192529.10828000001,309824.9904,23.92,70.0,0.19899876022478885,1284.0,0.24,0.12,0.75,10945.737208333334,11443.852,0.01975415463249387
steady-07,steady,0,1786521605000000000,2.6,0.23076923076923078,0.5384615384615384,0.23076923076923078,0.0,0.38461538461538464,196234.8577692308,309368.3514,20.76923076923077,70.0,0.49695453242322296,1284.0,0.07692307692307687,0.0,0.75,11028.048166666667,11628.22915,0.0329356769945236
steady-08,steady,0,1786521615000000000,0.6,0.3333333333333333,0.3333333333333333,0.3333333333333333,0.0,0.6666666666666666,220840.8376666667,318595.7223,27.333333333333332,70.0,0.0,0.0,0.0,0.0,1.0,10876.589,10890.7559,0.0014472368129383197
steady-08,steady,0,1786521620000000000,4.4,0.22727272727272727,0.5,0.2727272727272727,0.0,0.36363636363636365,215140.02954545457,337527.7948,20.545454545454547,70.0,0.19905951208282133,1284.0,0.31818181818181823,0.09090909090909094,0.7619047619047619,10947.166333333333,11431.633,0.022121612126336343
steady-08,steady,0,1786521625000000000,4.4,0.2727272727272727,0.5,0.22727272727272727,0.0,0.3181818181818182,219118.34713636365,355131.7812999999,23.454545454545453,70.0,0.19858215281903074,1284.0,0.18181818181818177,0.045454545454545414,0.7619047619047619,11019.433714285715,11345.572,0.019959784111781537
steady-08,steady,0,1786521630000000000,4.8,0.25,0.5,0.25,0.0,0.4166666666666667,194033.90350000001,342471.9871499999,22.0,70.0,0.3986035927608677,1284.0,0.33333333333333337,0.04166666666666663,0.782608695652174,11031.616347826088,11475.459299999999,0.02287961086429132
steady-08,steady,0,1786521635000000000,4.6,0.2608695652173913,0.4782608695652174,0.2608695652173913,0.0,0.34782608695652173,202968.14800000002,327649.38440000004,22.695652173913043,70.0,0.3954914812136619,1284.0,0.30434782608695654,0.13043478260869568,0.7727272727272727,11179.019954545454,13179.824249999998,0.06871571200760083
steady-08,steady,0,1786521640000000000,4.6,0.21739130434782608,0.5217391304347826,0.2608695652173913,0.0,0.4782608695652174,203200.1165217391,353908.5479,19.91304347826087,70.0,0.19893189229776026,1284.0,0.21739130434782605,0.17391304347826086,0.7272727272727273,11017.283818181819,11459.9659,0.049723917442135834
steady-08,steady,0,1786521645000000000,4.6,0.2608695652173913,0.5217391304347826,0.21739130434782608,0.0,0.34782608695652173,208951.3696956522,354761.96619999997,22.695652173913043,70.0,0.19905752472636834,1284.0,0.26086956521739135,0.0,0.7272727272727273,11348.13109090909,12322.846899999999,0.08745755448800205
steady-08,steady,0,1786521650000000000,3.6,0.2777777777777778,0.4444444444444444,0.2777777777777778,0.0,0.3888888888888889,270233.1291111111,406725.53935,23.77777777777778,70.0,0.39745395533302863,1284.0,0.2777777777777778,0.05555555555555558,0.7647058823529411,11449.935705882353,13086.244999999999,0.06834832636633663
steady-08,steady,0,1786521655000000000,4.2,0.23809523809523808,0.5238095238095238,0.23809523809523808,0.0,0.2857142857142857,228403.2016190476,350766.997,21.238095238095237,70.0,0.19870853579907496,1284.0,0.23809523809523814,0.04761904761904767,0.75,11077.8826,11520.1552,0.020646711436609247
steady-08,steady,0,1786521660000000000,4.8,0.25,0.5,0.25,0.0,0.4166666666666667,196683.35225,351277.94084999996,22.0,70.0,0.39698524412187713,1284.0,0.29166666666666663,0.08333333333333337,0.782608695652174,11083.115347826086,11331.235700000001,0.04107349937539397
steady-08,steady,0,1786521665000000000,3.8,0.2631578947368421,0.47368421052631576,0.2631578947368421,0.0,0.3684210526315789,207948.50026315788,348614.8704999999,22.842105263157894,70.0,0.24905296737470384,1284.0,0.3157894736842105,0.10526315789473684,0.7777777777777778,10936.715,11174.941949999999,0.014306150986648433
steady-09,steady,0,1786521680000000000,3.8,0.2631578947368421,0.5263157894736842,0.21052631578947367,0.0,0.3684210526315789,201988.56631578947,341379.95869999996,22.842105263157894,70.0,0.4965932784325712,1276.0,0.1578947368421053,0.10526315789473684,0.7222222222222222,11032.67,11422.92705,0.024596666545034614
steady-09,steady,0,1786521685000000000,4.6,0.2608695652173913,0.4782608695652174,0.2608695652173913,0.0,0.391304347826087,211395.6215217391,322995.1822,22.695652173913043,70.0,0.1981465920607628,1276.0,0.3913043478260869,0.08695652173913049,0.7727272727272727,10944.698909090908,11175.808700000001,0.015485103037318612
steady-09,steady,0,1786521690000000000,4.8,0.25,0.5,0.25,0.0,0.375,196431.40541666668,327757.52369999996,22.0,70.0,0.3979596420444289,1276.0,0.29166666666666663,0.08333333333333337,0.782608695652174,11121.263739130434,12097.523999999998,0.054705552172206684
steady-09,steady,0,1786521695000000000,4.4,0.22727272727272727,0.5,0.2727272727272727,0.0,0.22727272727272727,205976.2577727273,325845.58525,20.545454545454547,70.0,0.3972166887558613,1276.0,0.31818181818181823,0.13636363636363635,0.7619047619047619,10938.928904761904,11191.381,0.034860239092604696
steady-09,steady,0,1786521700000000000,4.4,0.2727272727272727,0.5,0.22727272727272727,0.0,0.22727272727272727,220908.7869090909,349134.3578,23.454545454545453,70.0,0.19881785942697966,1276.0,0.31818181818181823,0.045454545454545414,0.7619047619047619,10948.173857142858,11162.922,0.03035723588338396
steady-09,steady,0,1786521705000000000,4.2,0.23809523809523808,0.5238095238095238,0.23809523809523808,0.0,0.3333333333333333,229256.2432857143,342474.076,21.238095238095237,70.0,0.19908917617709193,1276.0,0.33333333333333337,0.09523809523809523,0.75,11052.63105,11285.291400000002,0.02316325755599397
steady-09,steady,0,1786521710000000000,4.4,0.2727272727272727,0.45454545454545453,0.2727272727272727,0.0,0.36363636363636365,216023.26654545453,301223.91095,23.454545454545453,70.0,0.19872146780763394,1276.0,0.31818181818181823,0.13636363636363635,0.7619047619047619,11244.712476190476,11822.175,0.03679060866652699
steady-09,steady,0,1786521715000000000,4.2,0.23809523809523808,0.5238095238095238,0.23809523809523808,0.0,0.42857142857142855,232123.93704761905,388676.81,21.238095238095237,70.0,0.19788497276011935,1276.0,0.23809523809523814,0.04761904761904767,0.75,11186.8264,12145.27485,0.04496513433323883
steady-09,steady,0,1786521720000000000,3.8,0.2631578947368421,0.47368421052631576,0.2631578947368421,0.0,0.5263157894736842,251353.75205263158,458042.0612,22.842105263157894,70.0,0.396282525224854,1276.0,0.21052631578947367,0.052631578947368474,0.7777777777777778,11412.973555555556,12816.092899999996,0.07426390414961909
steady-09,steady,0,1786521725000000000,4.2,0.23809523809523808,0.5238095238095238,0.23809523809523808,0.0,0.47619047619047616,220721.78538095238,340592.953,21.238095238095237,70.0,0.24828432033837267,1276.0,0.09523809523809523,0.04761904761904767,0.75,11060.77455,11542.764000000001,0.030871557624979732
steady-09,steady,0,1786521730000000000,0.6,0.3333333333333333,0.3333333333333333,0.3333333333333333,0.0,0.3333333333333333,268846.53133333335,325802.563,27.333333333333332,70.0,0.9926887254364473,1276.0,0.0,0.0,1.0,10961.032500000001,10979.039250000002,0.0018253298674190243
